location_id,Ward_Name,Point_ID,Latitude,Longitude,Elevation_m,Slope_deg,Flow_Accumulation_km2,Builtup_Percent,Vegetation_Percent,Road_Density_km_per_km2,Distance_to_River_m,Distance_to_Drain_m,Drainage_Density_km_per_km2
Aundh - Balewadi__P01,Aundh - Balewadi,P01,18.58321534768739,73.76280905823285,562.21643,1.5779955214743795,0.008110445,97.21930346404432,2.7558492630633338,29.41273360885585,546.8948523797457,1100.5197613771352,0.0
Aundh - Balewadi__P02,Aundh - Balewadi,P02,18.570399327552977,73.76528772626445,583.1952,2.411464993615216,0.008111062,99.4149415156488,0.5274937359521711,43.58796866051679,1275.7187441629285,2525.940159128529,0.0
Aundh - Balewadi__P03,Aundh - Balewadi,P03,18.57926106112797,73.76887302773119,566.2526,2.0560028128334333,0.01622132,100.0,0.0,43.00235776782058,887.6875643030098,1805.8466130874424,0.0
Aundh - Balewadi__P04,Aundh - Balewadi,P04,18.566439401383583,73.77135143650142,568.2756,3.6749669260828894,0.5921229,100.0,0.0,49.55372794991256,795.2422401589536,3163.856540815781,0.0
Aundh - Balewadi__P05,Aundh - Balewadi,P05,18.57530343313728,73.77493701071619,566.0082,3.0137695694711715,0.0324435,100.0,0.0,49.96135712811677,735.2349838154912,2552.3491858326533,0.0
Aundh - Balewadi__P06,Aundh - Balewadi,P06,18.584171437464647,73.77852228067404,555.00757,10.07872764022409,0.14598912,73.47668760336899,17.753224156556822,25.966390810655746,57.34086454383555,2286.6552125076773,0.0
Aundh - Balewadi__P07,Aundh - Balewadi,P07,18.571342460085933,73.78100100705124,564.85736,1.664276716154773,0.02433284,97.46755914841572,2.488151205901464,49.785506419495206,588.0602583675113,3312.459033864567,0.0
Aundh - Balewadi__P08,Aundh - Balewadi,P08,18.567378138339265,73.78706501659957,557.4215,1.775848990977345,0.008111191,82.27429945524476,8.512046047237622,29.45000847247336,130.6193619444538,4050.555152427733,0.0
Aundh - Balewadi__P09,Aundh - Balewadi,P09,18.56341046425712,73.79312903922428,551.2629,11.035744990418255,0.040557116,77.84913404864808,15.567533215308783,21.44429133276802,15.308102424124089,3814.470292384538,0.0
Aundh - Balewadi__P10,Aundh - Balewadi,P10,18.56831665192093,73.80277943632868,556.08276,7.529010700987524,0.30823305,46.62795282646881,42.50966053697531,22.265705466304706,135.37635464037825,4315.76651295406,0.0
Aundh - Balewadi__P11,Aundh - Balewadi,P11,18.555465044498742,73.80525712315452,572.3976,1.3368698690328071,0.008111736,97.42364506124169,2.5470602572006134,45.20598556754295,507.3766458304167,3773.991841593134,0.0
Aundh - Balewadi__P12,Aundh - Balewadi,P12,18.564344567974643,73.80884375782247,561.603,4.372200467985193,0.07300272,93.2730786965694,0.9559988245328592,49.54494667555838,410.4636763411398,4587.5841150534525,0.0
Aundh - Balewadi__P13,Aundh - Balewadi,P13,18.542609450598484,73.80773397153688,579.52576,4.728527077352098,0.008112353,80.74861089175722,19.36089056076423,33.81876598091612,1124.0921926083042,3179.794163919285,0.0
Aundh - Balewadi__P14,Aundh - Balewadi,P14,18.55148729151536,73.81132118418542,574.422,2.976863774265844,0.008111922,89.33384039148716,10.732459853909848,34.579699844705544,1284.1875972989133,3986.996723565633,0.0
Aundh - Balewadi__P15,Aundh - Balewadi,P15,18.54750617158187,73.81738525774355,582.71686,3.1927023984239025,0.008112124,81.79856854380996,18.180114946648985,33.93587375846571,2001.1786107700736,4330.719027708924,0.0
Balajinagar - Shankar Maharaj Math__P01,Balajinagar - Shankar Maharaj Math,P01,18.47762805939601,73.85738842642209,601.22003,0.3322544794813465,0.008115381,99.9011007911937,0.0,51.33338759784127,71.61821778674131,2268.6716925968126,0.0
Balajinagar - Shankar Maharaj Math__P02,Balajinagar - Shankar Maharaj Math,P02,18.46471706636795,73.85986018470571,637.2979,4.565449352998495,0.008115969,100.0,0.0,59.66035184785953,222.6465370208233,2765.456137742513,0.0
Balajinagar - Shankar Maharaj Math__P03,Balajinagar - Shankar Maharaj Math,P03,18.472179961811115,73.85999230145788,613.67584,1.332981654332457,0.008115595,99.94608082140714,0.0,56.23344614933733,173.6891757728864,2873.2245636818766,0.0
Baner - Sus - Mahalunge__P01,Baner - Sus - Mahalunge,P01,18.57046390824415,73.73699800634861,558.70825,2.342210519738272,616.3836,62.856132706493895,24.822841417268656,22.475430989323527,105.41929761291712,3324.192878332542,0.0
Baner - Sus - Mahalunge__P02,Baner - Sus - Mahalunge,P02,18.557667462288467,73.73947584975294,611.2136,4.751651199315144,0.105450846,81.40071049146307,18.62032694082266,25.59215942140328,1345.8148349600974,4333.75027227077,0.0
Baner - Sus - Mahalunge__P03,Baner - Sus - Mahalunge,P03,18.566512548069404,73.74306121873396,575.4592,3.4022411059821027,0.040556327,62.16781711464775,36.89225970944614,22.13228438972444,783.0380230754541,3293.545845263044,0.0
Baner - Sus - Mahalunge__P04,Baner - Sus - Mahalunge,P04,18.536027599503484,73.73836661090124,678.8774,11.784702576678296,0.032450385,7.454517212125555,92.17578951141697,8.736209974819902,3119.107400245747,4174.646711788999,0.0
Baner - Sus - Mahalunge__P05,Baner - Sus - Mahalunge,P05,18.544867062303364,73.74195285832485,696.56824,21.1180869371266,0.01622449,20.50240022927564,79.3650975615581,9.624983519234688,2642.185810416522,4035.037584563602,0.0
Baner - Sus - Mahalunge__P06,Baner - Sus - Mahalunge,P06,18.553710479606075,73.7455388030284,600.4075,0.8921641973343994,0.2920317,62.605144371999714,37.315898832127225,17.588862816424477,1718.861452460079,4163.949996478358,0.0
Baner - Sus - Mahalunge__P07,Baner - Sus - Mahalunge,P07,18.56255785369379,73.74912444472987,585.88257,3.9604801735172575,0.008111435,45.31053118213288,48.78088289050237,17.436337220699585,700.8155296285812,3442.13215656235,0.0
Baner - Sus - Mahalunge__P08,Baner - Sus - Mahalunge,P08,18.571409186850005,73.75270978314717,566.3487,2.166835802086615,0.008110975,65.15793747462446,34.59869599484129,21.53243810069692,273.0987431502011,2396.1264332767464,0.0
Baner - Sus - Mahalunge__P09,Baner - Sus - Mahalunge,P09,18.58026448135959,73.75629481799784,559.58655,0.987932241268719,0.008110588,66.60206375714658,33.262518605590145,19.15262135273222,183.02729224406684,1356.028950292719,0.0
Baner - Sus - Mahalunge__P10,Baner - Sus - Mahalunge,P10,18.53206270781563,73.74442903168362,730.28406,19.01475833413657,0.008112855,8.842475457345117,91.10185709473258,8.484416216135699,3212.295332326071,3509.574813325779,0.0
Baner - Sus - Mahalunge__P11,Baner - Sus - Mahalunge,P11,18.54090445435796,73.74801555208636,616.98773,1.959969450907595,0.016224893,58.85784433373053,41.20245803959856,11.247771514324976,2951.183745598476,3285.964522634196,0.0
Baner - Sus - Mahalunge__P12,Baner - Sus - Mahalunge,P12,18.549750158158485,73.75160176968583,611.59106,4.854155564303072,0.073008336,84.1642572384485,15.888259926485532,28.718125862424262,1939.0032937619687,3388.461126978396,0.0
Baner - Sus - Mahalunge__P13,Baner - Sus - Mahalunge,P13,18.558599821502145,73.75518768419995,581.456,2.4097273530751493,0.008111606,81.48416657694193,18.623215973393627,23.038583037230328,960.2386966735378,3748.836213040975,0.0
Baner - Sus - Mahalunge__P14,Baner - Sus - Mahalunge,P14,18.567453446675124,73.75877329534634,569.8404,1.0359552597966748,0.016222425,57.41658654191123,42.65952001683817,22.04107386743316,537.7148468283435,2751.667597311394,0.0
Baner - Sus - Mahalunge__P15,Baner - Sus - Mahalunge,P15,18.576311035964988,73.76235860284253,576.3787,2.4809115941403777,0.008110761,99.27681281074446,0.7927796072691791,39.31349567983376,952.1945246620317,1815.0435547638588,0.0
Bhusari colony - Bavdhan Khurd__P01,Bhusari colony - Bavdhan Khurd,P01,18.511158814066285,73.77306121686513,610.84595,1.041701249070092,0.040569514,98.52389803060416,1.5314545972103613,45.26471509352726,144.2619716375248,2319.9971338800724,0.0
Bhusari colony - Bavdhan Khurd__P02,Bhusari colony - Bavdhan Khurd,P02,18.512042286549978,73.78877456163325,647.02484,14.408224372313349,0.024341233,70.8996638313653,29.179389632607176,29.719265227985243,212.8141016637525,2319.311213935417,0.0
Bhusari colony - Bavdhan Khurd__P03,Bhusari colony - Bavdhan Khurd,P03,18.508052948269007,73.79483730269465,601.92194,5.675973278091709,0.008113961,98.33855492227364,1.6173304178466026,53.52220700134776,48.21487816714952,3006.9992450127206,0.0
Bhusari colony - Bavdhan Khurd__P04,Bhusari colony - Bavdhan Khurd,P04,18.516915843263583,73.79842571954728,610.88293,3.3533462243909264,0.19472526,26.139327819897623,73.86899254275542,12.040682773419936,919.6769689671896,2507.64587572796,0.0
Bhusari colony - Bavdhan Khurd__P05,Bhusari colony - Bavdhan Khurd,P05,18.504060237920736,73.80090005581383,590.0149,4.022965734533675,1.9797957,100.0,0.0,54.65382071839158,35.77754341770173,3593.2400175831485,0.0
Bhusari colony - Bavdhan Khurd__P06,Bhusari colony - Bavdhan Khurd,P06,18.512925427248696,73.80448874639686,589.28394,1.3985923154235005,1.3387289,78.46944045911047,21.55007173601148,40.46563306875675,334.0223727434424,3283.255987521951,0.0
Bhusari colony - Bavdhan Khurd__P07,Bhusari colony - Bavdhan Khurd,P07,18.51189321850484,73.78764966892817,658.08484,4.644173998642537,0.016227517,77.06860234643791,22.938140016401643,28.86565925208781,332.5730330910566,2290.2206977418587,0.0
Bibvewadi - Gangadham__P01,Bibvewadi - Gangadham,P01,18.479128570313435,73.86415064616814,640.58136,2.317594722056153,0.0081152795,90.93031328023828,9.178749512257596,39.23766742352563,798.9608137563279,2140.102868622306,0.0
Bibvewadi - Gangadham__P02,Bibvewadi - Gangadham,P02,18.496918891182048,73.87133204176241,578.57544,2.899688006493817,3.253938,97.99838196997548,2.1090877757352944,39.45213745138611,31.441219693507083,31.441219693507083,1.2907423263446265
Bibvewadi - Gangadham__P03,Bibvewadi - Gangadham,P03,18.475103542998973,73.87021393033913,666.6612,1.798103942435831,0.008115481,84.08845406227358,15.896961393995468,20.366094756910435,1146.6637091787516,2056.8264138892105,0.0
Bibvewadi - Gangadham__P04,Bibvewadi - Gangadham,P04,18.483999005074416,73.87380505522424,614.25635,7.006831217590074,0.00811505,99.38841122210194,0.578315441744173,46.62507343209886,1214.7652708031949,1454.339169596008,0.0
Bibvewadi - Gangadham__P05,Bibvewadi - Gangadham,P05,18.4928984837534,73.87739587503762,587.82623,4.299666493304129,0.008114693,62.39013011347888,37.56852228946187,21.809751738955704,596.1324394910177,596.1324394910177,0.0
Bibvewadi - Gangadham__P06,Bibvewadi - Gangadham,P06,18.47997287392515,73.87986862467727,658.39276,1.4653911423963792,0.0081152655,75.42170752033103,24.663256606990625,26.937190308723725,1986.8930682946984,1157.2393514862806,0.0
Bibvewadi - Gangadham__P07,Bibvewadi - Gangadham,P07,18.488874664908533,73.8834597190955,618.07434,4.220091873645053,0.008114835,63.863795731889695,36.22690819279012,20.02364655227941,1325.253052275434,1217.860141047116,0.0
Bibvewadi - Gangadham__P08,Bibvewadi - Gangadham,P08,18.484847430916027,73.88952357379632,611.3352,6.458659576143154,0.016230088,86.9567900348722,13.070524135489764,28.53381311403884,2090.402221119132,640.0730439699144,0.0
Bibvewadi - Gangadham__P09,Bibvewadi - Gangadham,P09,18.479992021568183,73.87472480877516,616.94434,7.892311947817196,0.0081152655,88.34947604879851,11.590254627140316,40.42312682700063,1530.170789487839,1668.4053389908436,0.0
Bopodi - Savitribai Phule Pune University__P01,Bopodi - Savitribai Phule Pune University,P01,18.56567259173673,73.81443134447755,562.77924,6.683239699796806,0.008111263,82.40577010341292,8.670392395691524,35.23547889823874,285.06659918202814,4382.18553249946,0.0
Bopodi - Savitribai Phule Pune University__P02,Bopodi - Savitribai Phule Pune University,P02,18.56169595457229,73.82049580842059,559.57007,2.193355987605431,0.024334464,59.24615759941448,40.825356734545466,20.942564510852453,832.3296545551168,4843.499677050949,0.0
Bopodi - Savitribai Phule Pune University__P03,Bopodi - Savitribai Phule Pune University,P03,18.557715949429955,73.82656028493477,566.62866,1.888919509061261,0.15412365,69.00986362876459,30.914284349549803,25.48114677201584,1152.8665716627124,5378.273734304077,0.0
Bopodi - Savitribai Phule Pune University__P04,Bopodi - Savitribai Phule Pune University,P04,18.5666073798734,73.83014720537848,560.9856,4.62609716610944,0.016222496,78.494207479507,15.401438752666907,32.58545428091913,242.25451760901672,4531.65472481466,0.0
Bopodi - Savitribai Phule Pune University__P05,Bopodi - Savitribai Phule Pune University,P05,18.54484282893832,73.8290372746976,595.4994,2.756902352683415,0.008112224,80.02692163318198,19.998708909243497,33.25516503382924,2575.0729359734773,5319.14035186989,0.0
Bopodi - Savitribai Phule Pune University__P06,Bopodi - Savitribai Phule Pune University,P06,18.553732572639007,73.83262477388246,568.9551,2.8374148847846072,0.10545528,70.76317035718901,29.30446928710494,24.34427975814212,1664.9837674745766,5966.87622998857,0.0
Bopodi - Savitribai Phule Pune University__P07,Bopodi - Savitribai Phule Pune University,P07,18.56262631638665,73.83621196767339,574.8609,4.345240036880063,0.008111435,91.22412654666552,8.872955722064328,35.46700636025552,981.3858397225072,5179.607483988753,0.0
Bopodi - Savitribai Phule Pune University__P08,Bopodi - Savitribai Phule Pune University,P08,18.571524062502625,73.83979885578543,562.88434,1.7279142985449112,0.008110975,69.7923467472121,19.65825578920432,21.43898194967936,303.9733963054044,4502.597581821289,0.0
Bopodi - Savitribai Phule Pune University__P09,Bopodi - Savitribai Phule Pune University,P09,18.53196571072005,73.8315134245139,579.82513,1.4875105871595853,0.008112855,98.33710774758244,1.5960038986354774,49.70431148284786,2062.3061651991247,3899.491633116481,0.0
Bopodi - Savitribai Phule Pune University__P10,Bopodi - Savitribai Phule Pune University,P10,18.54085376535798,73.83510150241631,577.54913,1.994792016761614,0.040561765,91.3935710736536,8.544318312120167,32.66646590830364,2012.9381322889133,4704.989977779237,0.0
Bopodi - Savitribai Phule Pune University__P11,Bopodi - Savitribai Phule Pune University,P11,18.56143341157929,73.82868261441,559.9813,2.087672692487392,0.008111435,71.20590267566602,28.8306304109255,33.36876915647473,742.5009857964906,5031.9233041421685,0.0
Chaitanyanagar - Bharati Vidyapeeth__P01,Chaitanyanagar - Bharati Vidyapeeth,P01,18.460294567244524,73.84821176523008,661.8537,1.748376226564862,0.040581234,99.60965956348414,0.3307329757841704,60.92860850509285,1486.928599947693,2564.9008762674616,0.0
Chaitanyanagar - Bharati Vidyapeeth__P02,Chaitanyanagar - Bharati Vidyapeeth,P02,18.456267221510693,73.85427432087896,669.66046,3.901390965622483,0.008116341,96.39751641962457,3.6485661989017695,48.38117760223315,911.1595529114704,3336.397176695461,0.0
Chaitanyanagar - Bharati Vidyapeeth__P03,Chaitanyanagar - Bharati Vidyapeeth,P03,18.46514971851011,73.85786594319572,623.1966,6.071634632612987,0.048696116,100.0,0.0,60.41542932366113,403.0138895087272,2980.421926452085,0.0
Chaitanyanagar - Bharati Vidyapeeth__P04,Chaitanyanagar - Bharati Vidyapeeth,P04,18.45950457254405,73.8535179048074,656.0735,6.433898341089385,0.008116242,96.33057661547728,3.6458968418485553,50.58642832844422,975.8857478502536,3071.2563381053915,0.0
Chhatrapati Shivaji Maharaj Stadium - Rasta peth__P01,Chhatrapati Shivaji Maharaj Stadium - Rasta peth,P01,18.52318527634188,73.8631856462307,560.8693,2.6264176566742856,0.008113243,99.91180292779885,0.0,52.01133307084624,139.32592506208016,2530.2232710276294,0.0
Chhatrapati Shivaji Maharaj Stadium - Rasta peth__P02,Chhatrapati Shivaji Maharaj Stadium - Rasta peth,P02,18.520896052215413,73.8655756988222,561.8401,2.2695342248198216,0.016226728,100.0,0.0,52.545346372316544,149.23706622967762,2175.80439263833,0.0
Dhankawadi - Ambegaon Pathar__P01,Dhankawadi - Ambegaon Pathar,P01,18.45727717803065,73.81651499455644,604.9912,7.93410372920277,0.01623267,99.71154259511356,0.1526115927491581,44.50481807585069,613.3754412468595,613.3754412470936,0.0
Dhankawadi - Ambegaon Pathar__P02,Dhankawadi - Ambegaon Pathar,P02,18.458103405341937,73.83223031510995,617.4015,3.373139468509617,0.0081162555,99.93943652546348,0.0,56.72514486036288,416.3819670870648,1414.077737263312,0.0
Dhankawadi - Ambegaon Pathar__P03,Dhankawadi - Ambegaon Pathar,P03,18.462953571990724,73.84188396613736,670.1679,3.742438254132154,0.04057987,73.27944406954869,26.78468702589651,51.07143394655103,1491.045440416272,1835.037030914733,0.0
Dhankawadi - Ambegaon Pathar__P04,Dhankawadi - Ambegaon Pathar,P04,18.458929192679506,73.8479464739537,665.6519,2.630692393947603,0.008116242,99.67255738370912,0.2535517558638324,60.48257466524085,1347.6009285427745,2607.941017505849,0.0
Dhankawadi - Ambegaon Pathar__P05,Dhankawadi - Ambegaon Pathar,P05,18.46780892739119,73.85153787342104,628.88715,4.229968855623847,1.0145177,99.84637498447997,0.0,61.16598598942235,769.9144177954254,2392.290405699865,0.0
Dhankawadi - Ambegaon Pathar__P06,Dhankawadi - Ambegaon Pathar,P06,18.460809800745626,73.83320759157964,614.3858,4.806808529606853,1.0307423,99.96476230092136,0.0,52.96141636309191,687.8115019326648,1243.934757713701,0.0
Dhanori - Vishrantwadi__P01,Dhanori - Vishrantwadi,P01,18.585370522616667,73.86290496685177,555.5114,3.439653596231856,0.016220704,40.79407220316768,42.75590890174076,22.69507264676392,165.97767725763356,5416.255961016608,0.0
Dhanori - Vishrantwadi__P02,Dhanori - Vishrantwadi,P02,18.594287922640923,73.86649138380905,571.2832,3.044848626671969,0.008109928,31.21292137250117,67.60510693665121,24.479783272510907,612.633611824949,5361.145297292894,0.0
Dhanori - Vishrantwadi__P03,Dhanori - Vishrantwadi,P03,18.58138666416424,73.86897074730659,554.5725,2.172388305789726,0.008110531,28.136896833240225,57.1703500002387,21.11489357574301,235.53168281643224,5800.554644526249,0.0
Dhanori - Vishrantwadi__P04,Dhanori - Vishrantwadi,P04,18.590306393554364,73.87255743753241,574.19507,1.512856376783391,0.008110115,74.09690408765573,25.90648934771958,23.707211866676108,1130.201142739022,6111.21420116479,0.0
Dhanori - Vishrantwadi__P05,Dhanori - Vishrantwadi,P05,18.599230145227068,73.87614382049352,572.63837,0.6705938080035678,1.7840064,24.80283555905625,75.0251214301911,18.574172815475723,1561.0604172026956,6211.728176356667,0.0
Dhanori - Vishrantwadi__P06,Dhanori - Vishrantwadi,P06,18.58632148243688,73.87862350362077,561.49225,4.371305207583894,2.5707793,55.80293663429769,44.2342613709712,22.4979441086926,1044.3140079037405,5691.384379705271,0.0
Dhanori - Vishrantwadi__P07,Dhanori - Vishrantwadi,P07,18.59524756728062,73.88221015985948,578.0676,1.725474876890466,0.008109899,21.707145522923664,77.34030947664573,11.832349312386851,1827.4492049501976,6362.2950760901485,0.0
Dhanori - Vishrantwadi__P08,Dhanori - Vishrantwadi,P08,18.573408794536228,73.88110234489167,558.9065,3.5406774459523853,0.008110904,92.3983774796468,1.2843519474066427,49.82050951931716,80.67577703646543,4327.69379536308,0.0
Dhanori - Vishrantwadi__P09,Dhanori - Vishrantwadi,P09,18.582333185589267,73.88468958193626,571.2083,5.686879505079276,0.056772955,91.53742393097508,4.107978026228145,47.23560872060847,442.2537430726952,4988.921871543677,0.0
Dhanori - Vishrantwadi__P10,Dhanori - Vishrantwadi,P10,18.59126160458403,73.88827651154655,580.27905,1.248898723181397,0.040550247,62.184233070129565,36.85973841891629,34.55591585603437,1166.0772191290018,5689.616895836995,0.0
Dhanori - Vishrantwadi__P11,Dhanori - Vishrantwadi,P11,18.60019405386421,73.89186313343548,592.09247,0.7080341506278978,0.016219268,7.385150817610963,92.64946110103187,2.687323285946461,1913.1643739654176,6488.372971805015,0.0
Dhanori - Vishrantwadi__P12,Dhanori - Vishrantwadi,P12,18.609130535774945,73.89544944731581,603.86804,1.112485143613634,0.016218422,12.432600278508284,87.53319527348032,3.271213244451751,2859.1726983830204,6888.5650424572,0.0
Dhanori - Vishrantwadi__P13,Dhanori - Vishrantwadi,P13,18.61807105266281,73.89903545290007,642.5967,20.77432186661472,0.016217662,1.835978873929769,98.20887457531478,5.065616472919055,3200.0337609056382,7292.660568246387,0.0
Dhanori - Vishrantwadi__P14,Dhanori - Vishrantwadi,P14,18.58727225343255,73.89434287541681,576.8325,1.0087345780088937,0.024330616,88.64333436192578,11.456606553808545,46.3024473481162,461.9864423554588,5046.76912506505,0.0
Dhanori - Vishrantwadi__P15,Dhanori - Vishrantwadi,P15,18.596207040680373,73.89792977068647,584.52136,1.3255552481324813,0.05676904,94.27684276197373,5.755187604726151,44.162687618173166,1428.5020182713129,5855.59891517857,0.0
Dhayari - Ambegaon__P01,Dhayari - Ambegaon,P01,18.44501342181616,73.79988902787126,649.5736,7.455440619682053,0.016233802,98.16668577762492,1.7160207162787144,36.6334165548824,727.1574417781037,799.9095299612563,0.0
Dhayari - Ambegaon__P02,Dhayari - Ambegaon,P02,18.43214591900501,73.8023586719375,639.31604,3.2933108816085928,0.032469887,27.50977760873775,72.4984511310929,8.517707882002618,1453.262662529872,2227.6974587119894,0.0
Dhayari - Ambegaon__P03,Dhayari - Ambegaon,P03,18.44099506948584,73.8059503684918,598.9221,1.91455393507564,0.016234204,60.89368723098997,39.0830224772836,15.900749955718345,406.7298253638401,1340.1197412533238,0.0
Dhayari - Ambegaon__P04,Dhayari - Ambegaon,P04,18.428121889838074,73.8084197487103,649.118,4.470969365484093,0.008117662,69.64201230089891,30.231442321018086,18.5833742412758,1830.647691001372,2776.248410807097,0.0
Dhayari - Ambegaon__P05,Dhayari - Ambegaon,P05,18.436973321768303,73.81201171998201,613.3894,3.7744548833837377,0.048704207,89.10620158372879,10.795974251265212,30.613702041043275,1008.8909892490768,2030.901079766464,0.0
Dhayari - Ambegaon__P06,Dhayari - Ambegaon,P06,18.44582873654312,73.81560338886449,616.0176,2.7052440658795183,0.008116858,99.94377953546416,0.0,44.644046496556825,907.5223799172524,1284.1888519044417,0.0
Dhayari - Ambegaon__P07,Dhayari - Ambegaon,P07,18.41524472965966,73.81088828784836,697.8386,18.663508868701783,0.03247287,15.070931157025589,75.16437253944078,6.230502788204343,2265.194219842695,4221.0867557413385,0.0
Dhayari - Ambegaon__P08,Dhayari - Ambegaon,P08,18.424094460659205,73.81448083611953,720.06604,6.162747155601426,0.008117862,16.003579855178593,67.57675391367187,7.520303770820466,1993.7906769497529,3413.426375515084,0.0
Dhayari - Ambegaon__P09,Dhayari - Ambegaon,P09,18.432948174967937,73.81807308220233,638.08234,2.405009229634893,0.024352413,59.54089536657256,40.56632642066474,18.935684311278013,1757.0178906256613,2669.144033052265,0.0
Dhayari - Ambegaon__P10,Dhayari - Ambegaon,P10,18.441805874902386,73.82166502581373,616.1864,2.5694708247608293,0.04870247,92.898002359738,7.164652752349567,31.7723450513872,1416.67734048482,2032.690767088928,0.0
Dhayari - Ambegaon__P11,Dhayari - Ambegaon,P11,18.45066756278033,73.8252566666705,612.39703,2.381039508781228,0.16233295,99.9830224772836,0.0,44.70335913386692,484.4672760221701,1768.3402947075117,0.0
Dhayari - Ambegaon__P12,Dhayari - Ambegaon,P12,18.411211616241086,73.81694911076737,718.9964,10.66967525264107,0.29226488,0.0,99.86354775828468,0.6689845911223279,1711.228377917003,4834.384041088742,0.0
Dhayari - Ambegaon__P13,Dhayari - Ambegaon,P13,18.4200636277673,73.8205419340253,714.5584,17.126756199923904,0.121772185,7.128877157496334,91.97792712988137,3.9597311687551953,1314.934238255839,4094.8564173580726,0.0
Dhayari - Ambegaon__P14,Dhayari - Ambegaon,P14,18.428919625383752,73.82413445501292,671.12714,11.736644219760276,0.008117619,53.15164641813808,38.12757290187473,16.827876853399086,1174.0416326559225,3350.0849202926306,0.0
Dhayari - Ambegaon__P15,Dhayari - Ambegaon,P15,18.43777961140972,73.82772667344703,645.4898,3.6208767689526553,0.008117217,93.20023912003823,6.776040172166425,31.22627625847924,1245.7180647679763,2796.8953651562992,0.0
East Kharadi - Wagholi__P01,East Kharadi - Wagholi,P01,18.563727238823223,73.93630630960436,574.6356,2.768697530554839,0.016222712,77.93077221129973,22.142177192906928,38.42099681239961,2302.006024042477,736.533915172634,0.0
East Kharadi - Wagholi__P02,East Kharadi - Wagholi,P02,18.57267920125137,73.93989492628111,569.42346,2.717727258689019,0.016221866,44.0024178307853,55.96604524592828,20.489826050262234,3120.5984556016483,719.3121165679736,0.0
East Kharadi - Wagholi__P03,East Kharadi - Wagholi,P03,18.550762273820244,73.93878366365253,562.95996,5.311288787933825,0.008111951,99.98059528503656,0.0,50.62603679331381,935.2467222117403,685.0893691132597,0.0
East Kharadi - Wagholi__P04,East Kharadi - Wagholi,P04,18.559712526905614,73.94237286297293,556.0124,7.210238417080738,0.008111536,94.4570769484264,5.456095481670929,40.93060280384592,1663.9827890131364,158.8091113487264,1.677297750259506
East Kharadi - Wagholi__P05,East Kharadi - Wagholi,P05,18.568666835919668,73.94596175372776,560.7701,3.897835478973534,0.016222253,74.12242305276756,24.881782209900155,26.58355776155756,2586.4710297580086,77.4449051573366,0.9897146742938936
East Kharadi - Wagholi__P06,East Kharadi - Wagholi,P06,18.555694394424645,73.94843942735278,555.0107,3.658890335620492,0.016223416,94.42922046867524,5.615877570540412,41.35588507780192,1136.1655446142415,204.6530159246784,1.0648330596827045
East Kharadi - Wagholi__P07,East Kharadi - Wagholi,P07,18.564651051009168,73.95202859228077,573.2335,0.5004891921829803,0.008111306,95.8557073042502,4.1320572104527376,37.04807061748592,2066.00808534783,391.28842004029065,0.6382614099986198
East Kharadi - Wagholi__P08,East Kharadi - Wagholi,P08,18.57361176875792,73.95561744826941,581.41406,2.1152841040125354,0.008110904,99.25161524900308,0.0038751623621267,44.68090630666569,2986.277115556667,245.7164635409703,0.6860254548585999
East Kharadi - Wagholi__P09,East Kharadi - Wagholi,P09,18.58257655004537,73.95920599502958,583.3746,1.4453775297059792,0.02433132,11.859588713534192,88.20181731229077,13.412403839413829,3970.049775490756,1161.621683823895,0.0
East Kharadi - Wagholi__P10,East Kharadi - Wagholi,P10,18.59154539724731,73.96279423227199,584.836,1.4217395548340075,1.2083462,87.84313725490196,12.222094691535151,22.779573356181785,3058.3150433653864,2207.753754434476,0.0
East Kharadi - Wagholi__P11,East Kharadi - Wagholi,P11,18.60051831274104,73.96638215970708,603.24036,2.185661531405434,0.056767046,71.61567479954675,28.430942237904684,27.75130919880608,2050.874699840346,3264.700737145411,0.0
East Kharadi - Wagholi__P12,East Kharadi - Wagholi,P12,18.551672837621727,73.95450600260448,554.49445,4.981296378642297,0.024335653,100.0,0.0,36.64241362642218,608.2140197994578,689.7375504626854,0.0
East Kharadi - Wagholi__P13,East Kharadi - Wagholi,P13,18.56063184276133,73.95809544180084,557.12177,7.441372309837725,0.016223028,95.35122554993237,4.610256483778009,29.301132138966853,1539.6995469188992,21.25219512180978,0.8365752719079216
East Kharadi - Wagholi__P14,East Kharadi - Wagholi,P14,18.569594911933365,73.96168457197281,573.03125,1.2799740172958578,0.008111062,73.31484122831532,16.14752590447657,24.301524346610208,2545.8929993313463,692.7800065969291,0.0
East Kharadi - Wagholi__P15,East Kharadi - Wagholi,P15,18.578562047515167,73.96527339283112,565.999,1.5768598720117448,0.024332153,62.898446936602745,36.98835560520773,29.413185496243024,3579.8800402845136,1398.2618674581693,0.0
Fergusson College - Erandwane__P01,Fergusson College - Erandwane,P01,18.504105425663905,73.82392498092686,572.8303,5.042299488302903,0.008114132,97.73351408603924,2.2682551864789327,48.81081868132191,76.23074096531572,1926.1343856273925,0.0
Fergusson College - Erandwane__P02,Fergusson College - Erandwane,P02,18.512982903748853,73.82751407989748,579.01886,0.778891151747973,0.024341006,93.4556759356983,6.648813070938127,30.608980880792508,833.6972336711856,2404.452734440522,0.0
Fergusson College - Erandwane__P03,Fergusson College - Erandwane,P03,18.521864376917527,73.83110287446677,585.79816,2.6915945405853385,0.05679296,79.27214614493914,20.801251686619008,33.91000629910967,1435.4889488825634,2927.814433858692,0.0
Fergusson College - Erandwane__P04,Fergusson College - Erandwane,P04,18.49122653683116,73.8263984751433,562.6565,3.0043354456898625,0.00811475,94.11965297628,0.4863394633215605,44.73562500531812,287.5766954366624,595.3390945221441,0.0
Fergusson College - Erandwane__P05,Fergusson College - Erandwane,P05,18.500102321258048,73.82998815230495,559.51575,1.799727736807085,0.008114347,99.93921234104174,0.0,48.49373057953805,205.51324015071577,1234.1355637500656,0.0
Fergusson College - Erandwane__P06,Fergusson College - Erandwane,P06,18.50898210124389,73.83357752526626,567.439,5.03082912786275,0.008113903,96.19883417987826,0.8676070598742484,48.75323874781812,405.0853474321933,1637.6007474702965,0.0
Fergusson College - Erandwane__P07,Fergusson College - Erandwane,P07,18.517865879110115,73.83716659374291,569.265,2.741735886243408,0.05679451,98.80838397737264,1.1169877307648206,51.02130697629999,768.2201891356717,2232.760912908869,0.0
Fergusson College - Erandwane__P08,Fergusson College - Erandwane,P08,18.526753657179665,73.84075535745029,569.75336,0.6614820047587983,0.00811307,95.27781959828415,4.042250660166565,42.83478790887195,1082.0191474639985,3049.35758421047,0.0
Fergusson College - Erandwane__P09,Fergusson College - Erandwane,P09,18.52275408056661,73.8468193623238,563.29224,2.1492865746174483,0.0081133,99.08426538787349,0.0,46.25090521940089,317.35476497053924,2537.869590200654,0.0
Fergusson College - Erandwane__P10,Fergusson College - Erandwane,P10,18.508507083933807,73.83317190897573,566.4025,3.2930221407008498,0.008113961,97.11562146507583,0.440704150912713,49.21144025534734,389.23773359189954,1631.2741883170695,0.0
Fursungi__P01,Fursungi,P01,18.4732041345553,73.94500970343395,614.58093,4.423205709212487,0.016231176,63.65622413883828,34.0591918641084,15.28076060535321,1797.71352974653,2045.6994560952444,0.0
Fursungi__P02,Fursungi,P02,18.48213948360752,73.94860223259026,591.86115,0.235841062099263,0.024345294,97.65753483633026,1.6477476572478222,52.89818089704838,1345.0661397665883,1345.0661397665883,0.0
Fursungi__P03,Fursungi,P03,18.49107888712117,73.95219445463903,582.9278,8.582759596501393,0.00811475,94.55707133408448,5.034027274445218,49.39592908887484,605.6871945443537,605.6871945443537,0.0
Fursungi__P04,Fursungi,P04,18.47808948915499,73.95466706679531,577.9491,0.6872745450109489,0.016230732,96.63647135267364,3.216374269005848,34.180393322163845,891.9628975021026,891.9628975021026,0.0
Fursungi__P05,Fursungi,P05,18.487031226438585,73.95825956402803,575.5448,0.7739030559294452,0.016229887,88.1398465099281,10.383629636529973,57.10179140728948,258.54064875202766,258.54064875202766,1.0375318502352473
Fursungi__P06,Fursungi,P06,18.474036045709152,73.96073191057174,583.1779,1.6229631335659398,0.008115538,94.64368195709868,5.414282397934152,34.15260723962625,727.6106535032922,727.6106535032922,0.0
Fursungi__P07,Fursungi,P07,18.46997914947796,73.96679676377846,578.4817,0.8359901309605948,0.056810662,53.39460634954776,46.53833745564038,16.115826712532517,317.7697333039455,985.7797126415776,0.0
Fursungi__P08,Fursungi,P08,18.4748675410548,73.97645494963314,570.1204,4.650852057524308,50.23048,81.8927785748446,16.26269727403156,34.98928996585459,244.46003370122824,244.46003370122824,1.3376016439985563
Fursungi__P09,Fursungi,P09,18.47387244679328,73.95971613815247,583.38513,1.6904140947921038,0.12173514,94.89425924065644,5.10234442642634,31.03486097642232,795.5186309565654,795.5186309561726,0.0
Ghorpade peth Udyan - Mahatma Phule Mandai__P01,Ghorpade peth Udyan - Mahatma Phule Mandai,P01,18.50616675846588,73.85340177041984,573.14124,2.48801085504864,0.032456327,98.57484806788216,1.3425925925925928,45.619284834197394,600.7012164893204,786.0722318488871,0.0
Ghorpade peth Udyan - Mahatma Phule Mandai__P02,Ghorpade peth Udyan - Mahatma Phule Mandai,P02,18.502155411356505,73.85946550876466,577.64166,1.9787587162405893,0.01622848,99.1128748681368,0.9375500840814548,50.10685086014004,380.1682708149901,380.1682708149901,0.9155519031682028
Ghorpade peth Udyan - Mahatma Phule Mandai__P03,Ghorpade peth Udyan - Mahatma Phule Mandai,P03,18.50555953046323,73.85833891215627,574.7783,1.575779184097257,0.00811406,99.4293553598914,0.537566562461162,50.377330586790045,731.0158967838491,774.7276001684738,0.0
Gokhalenagar - Vadarwadi__P01,Gokhalenagar - Vadarwadi,P01,18.535728366396288,73.80687180633129,592.95,1.2708100220336458,0.008112654,56.9853568331195,42.962559460240776,26.237223921298035,1312.449290359822,2873.645829190873,0.0
Gokhalenagar - Vadarwadi__P02,Gokhalenagar - Vadarwadi,P02,18.53174257163805,73.81293542823009,607.87305,6.958414232121868,0.024338437,43.18094473284194,56.41164998422581,29.76833123954048,1553.5667184098916,3471.6216051125566,0.0
Gokhalenagar - Vadarwadi__P03,Gokhalenagar - Vadarwadi,P03,18.52775340375433,73.81899906232884,658.24817,24.00706199238919,0.016226055,17.204973696795793,77.83467240554758,28.87385412251948,1024.7735868088018,4129.830655007641,0.0
Gokhalenagar - Vadarwadi__P04,Gokhalenagar - Vadarwadi,P04,18.536633784122586,73.82258709234067,674.4755,8.730542125450976,0.008112611,42.45142260244343,57.54446603705483,22.55166026837455,2060.392083714646,4528.972253411031,0.0
Gokhalenagar - Vadarwadi__P05,Gokhalenagar - Vadarwadi,P05,18.52376085907105,73.8250627084895,598.47723,2.756335068965228,0.032453086,57.99678544264745,42.054159551110025,35.397434469521784,946.3586598708404,3464.230850188372,0.0
Gokhalenagar - Vadarwadi__P06,Gokhalenagar - Vadarwadi,P06,18.532643544615205,73.82865101216424,585.89124,2.624908020556375,0.0486763,94.8331839743819,5.137804542901865,48.51520868069358,1925.6135665146,4097.72897450456,0.0
Gokhalenagar - Vadarwadi__P07,Gokhalenagar - Vadarwadi,P07,18.52864992558398,73.83471494400497,573.30554,1.9931182562351453,0.12169604,91.87483114206536,8.141140128774348,45.7716235584164,1684.7414744149996,3430.960006398877,0.0
Gokhalenagar - Vadarwadi__P08,Gokhalenagar - Vadarwadi,P08,18.53301329306932,73.82102943703829,615.12836,10.615302637555004,0.016225494,39.612819868643,59.0252305925421,30.08472466866099,1633.4500541890372,4329.900429347963,0.0
Hadapsar Gaothan - Satavwadi__P01,Hadapsar Gaothan - Satavwadi,P01,18.497049939725475,73.92547368493413,571.74805,2.261261093678318,0.048686814,95.05388989680964,4.919242840376429,36.57397003418374,300.4375287482004,300.4375287482004,1.5797369370327057
Hadapsar Gaothan - Satavwadi__P02,Hadapsar Gaothan - Satavwadi,P02,18.493865808668723,73.94726008761866,584.86444,3.651574673764012,0.00811462,66.69526891132111,16.3256159885591,37.01448121214552,423.5158075021666,423.5158075021666,0.6755505398574064
Hadapsar Gaothan - Satavwadi__P03,Hadapsar Gaothan - Satavwadi,P03,18.49943702143836,73.94096489323469,579.4146,3.531371639348293,0.008114377,93.24313725490198,6.769153515064563,56.09026091665586,96.62902163857632,96.62902163880796,2.8449535338098904
Ideal colony - Mahatma Society__P01,Ideal colony - Mahatma Society,P01,18.50144976688892,73.76313485920704,648.39856,5.827238089047764,0.048686113,83.50183076643626,16.46217531381153,23.387225335115595,288.6462332249309,3692.314980428737,0.0
Ideal colony - Mahatma Society__P02,Ideal colony - Mahatma Society,P02,18.49746418570477,73.76919689624103,711.1004,2.525455988409105,0.01622891,33.29783493243582,66.74861917439905,13.301971816182103,1027.0426229056684,3889.30968335215,0.0
Ideal colony - Mahatma Society__P03,Ideal colony - Mahatma Society,P03,18.506310988270688,73.7727852945131,653.6859,2.263129563961086,0.0081140315,84.57856056038815,15.28971569105925,24.36857400794727,557.030187993203,2849.3927398161795,0.0
Ideal colony - Mahatma Society__P04,Ideal colony - Mahatma Society,P04,18.49347524031653,73.77525894548917,704.40814,4.597904111069898,0.03245861,3.1951290090374487,96.8259161208086,2.732091546908933,1717.5131760883785,4213.895287709412,0.0
Ideal colony - Mahatma Society__P05,Ideal colony - Mahatma Society,P05,18.50232432780325,73.77884761743631,703.3055,3.970020113798396,0.008114219,25.207242614187848,74.78247773139981,6.782712899063088,1285.224404955001,3206.640858871925,0.0
Ideal colony - Mahatma Society__P06,Ideal colony - Mahatma Society,P06,18.507189646768687,73.78849859531748,624.75745,9.164429850823115,0.032455683,85.78839022500844,14.056105066096675,37.70347141654403,447.6182287677038,2810.885156606713,0.0
Ideal colony - Mahatma Society__P07,Ideal colony - Mahatma Society,P07,18.499204056693745,73.80062384910508,594.1062,1.77552145356618,1.3794385,97.98613103778088,2.0258727881396457,51.14460067736419,34.69369957082309,3361.3195285776733,0.0
Ideal colony - Mahatma Society__P08,Ideal colony - Mahatma Society,P08,18.49520619803991,73.80668649383894,590.8489,2.3179934003238185,0.008114563,72.07377501774819,27.89935771943789,27.96237233872665,406.098177059182,2597.5504575958685,0.0
Ideal colony - Mahatma Society__P09,Ideal colony - Mahatma Society,P09,18.50007345546617,73.81633858520117,572.2781,1.8504556415716675,0.008114347,98.92408980655031,1.0262513292946671,47.29979913202612,206.2338552637557,2038.357752687256,0.0
Ideal colony - Mahatma Society__P10,Ideal colony - Mahatma Society,P10,18.50894594092763,73.81992771629636,586.6968,3.872238818796557,0.008113903,99.9435611436874,0.0,42.41983321087966,52.49317441634761,2590.8700024289133,0.0
Ideal colony - Mahatma Society__P11,Ideal colony - Mahatma Society,P11,18.49607112797725,73.82240152728211,568.37244,3.104809607363204,0.0081145195,98.87520454741195,1.183504148365056,49.86262739850997,177.9104921080052,1268.0415507073053,0.0
Ideal colony - Mahatma Society__P12,Ideal colony - Mahatma Society,P12,18.498846974877903,73.79306056582632,600.98444,2.5676830380949887,0.7221739,81.25244440619457,18.70677166257871,35.33773774296645,832.6240887032614,3842.7204985384737,0.0
Jai Bhavaninagar - Kelewadi__P01,Jai Bhavaninagar - Kelewadi,P01,18.519475576257665,73.8077956479783,613.83203,5.201449112466381,0.024340171,55.17931438266957,44.78221075145477,22.74433606792543,797.6071982138399,3206.804321067351,0.0
Jai Bhavaninagar - Kelewadi__P02,Jai Bhavaninagar - Kelewadi,P02,18.515483282194403,73.81385890058402,629.0671,18.94082783220619,0.008113587,73.8934753789238,26.201429070529848,31.76086800291776,425.6416914996775,3534.975257478749,0.0
Jai Bhavaninagar - Kelewadi__P03,Jai Bhavaninagar - Kelewadi,P03,18.524358049137057,73.81744734824781,676.40106,8.262580819988171,0.008113214,17.644332855093257,81.39636537541848,26.61769065813205,645.3651457548073,4021.194604385104,0.0
Jai Bhavaninagar - Kelewadi__P04,Jai Bhavaninagar - Kelewadi,P04,18.511487610091457,73.81992216512485,584.6419,3.3497649347738148,0.032454878,96.74141664458313,3.119922265752764,39.63965190141582,55.96677657343165,2844.3890009755087,0.0
Jai Bhavaninagar - Kelewadi__P05,Jai Bhavaninagar - Kelewadi,P05,18.507488556269266,73.82598544146244,595.12213,13.193286906167224,0.00811396,96.95415583856187,3.1364412985111056,39.6833320419398,463.50946707976993,2076.766683874646,0.0
Jai Bhavaninagar - Kelewadi__P06,Jai Bhavaninagar - Kelewadi,P06,18.516198725646323,73.8166649726566,601.92145,5.071745903247437,0.1703841,71.38450210613382,28.611672906177844,27.397821528026125,137.34586775590486,3454.19216535771,0.0
Janata Vasahat - Dattawadi__P01,Janata Vasahat - Dattawadi,P01,18.495432106258843,73.83664790990409,568.66626,2.2888436744238176,0.0081145195,86.61553656710879,8.149248234481012,44.875172919667946,301.4400507338734,365.8463041024946,0.6664304790481893
Janata Vasahat - Dattawadi__P02,Janata Vasahat - Dattawadi,P02,18.50431435264504,73.84023759509307,557.395,2.474233741512656,34.699577,89.51524058739881,5.124565365451482,42.076330447914565,56.76273887205853,782.0471073944752,0.0
Janata Vasahat - Dattawadi__P03,Janata Vasahat - Dattawadi,P03,18.496415834985942,73.84105133151097,573.5917,2.6205433246790264,0.008114476,94.42546962673822,5.608828552157629,37.90728257520843,99.0311362375546,99.0311362375546,1.2473152656009858
Kalas - Phulenagar__P01,Kalas - Phulenagar,P01,18.58150792229032,73.87524011325927,557.25543,2.5259236917792047,0.008110531,84.0358600778195,15.975038479555652,38.84409770171762,710.9090463354947,5416.606935224624,0.0
Kalas - Phulenagar__P02,Kalas - Phulenagar,P02,18.55967995554649,73.87413095767049,554.5165,10.114088981182316,0.008111536,45.38777776182478,44.66496288532499,24.31099896642377,107.5020423504936,3762.295314549239,0.0
Kalas - Phulenagar__P03,Kalas - Phulenagar,P03,18.568597371221827,73.87771864165927,553.6593,4.682492677443096,0.016222324,95.10655396581664,1.090557716133538,45.45749946386242,32.18878313408341,4124.79323956683,0.0
Kalas - Phulenagar__P04,Kalas - Phulenagar,P04,18.555682796548933,73.88019632790757,556.9875,3.7962214671077352,0.12167709,81.10065709802011,17.8438777143212,38.49376235116298,759.1690201251905,2984.3308989061898,0.0
Kalas - Phulenagar__P05,Kalas - Phulenagar,P05,18.564602539742044,73.88378428556638,559.4508,0.0328863773980498,0.008111306,67.52487401781661,32.402904158009136,34.08520556154665,687.7650061078599,3373.199909879649,0.0
Kalas - Phulenagar__P06,Kalas - Phulenagar,P06,18.56060431423281,73.88984994129758,567.6993,5.532182957849554,0.016222928,68.4657131591211,31.52076089424192,24.57697492226596,1455.2527910424913,2636.637897620777,0.0
Kalas - Phulenagar__P07,Kalas - Phulenagar,P07,18.56172816568668,73.87837461418441,555.5664,3.4683664983137943,0.07300244,57.50466483656948,42.457443072269726,30.713083459588525,567.5875174956369,3542.044471099597,0.0
Kale Boratenagar - Sasanenagar__P01,Kale Boratenagar - Sasanenagar,P01,18.49020991689064,73.93165370496297,580.6754,2.520990814441164,0.0081147775,94.67078557998076,5.250037629283466,53.68862264419768,723.4041007929671,723.4041007929671,0.0
Kale Boratenagar - Sasanenagar__P02,Kale Boratenagar - Sasanenagar,P02,18.48616829595605,73.93771843493806,582.85065,1.437755822017552,0.008114978,96.05434946533848,4.058926464005206,49.8514897180816,1163.7569603776476,1163.7569603783454,0.0
Kale Boratenagar - Sasanenagar__P03,Kale Boratenagar - Sasanenagar,P03,18.495102752335413,73.94131029741447,574.4628,0.8451088884427284,0.008114563,43.99634267769609,38.308967141544144,21.6247819610284,330.6843662793836,330.6843662793836,1.183934740340203
Kale Boratenagar - Sasanenagar__P04,Kale Boratenagar - Sasanenagar,P04,18.4821232356828,73.94378317482713,594.2394,3.4183009377080795,0.008115136,99.88058560817755,0.0,66.85186334969136,1709.6315565584189,1709.6315565579775,0.0
Kale Boratenagar - Sasanenagar__P05,Kale Boratenagar - Sasanenagar,P05,18.49106002344732,73.94737531235616,586.4321,0.3144901913238871,0.024344277,58.49557670197181,19.91098426448477,35.65535332523756,730.1064764314979,730.1064764314979,0.0
Kale Boratenagar - Sasanenagar__P06,Kale Boratenagar - Sasanenagar,P06,18.4877198555882,73.93753862860025,580.97314,0.4457581568512598,0.008114921,87.33447730367622,12.1069875527411,43.59429596950814,993.22112795842,993.2211279579556,0.0
Kalyaninagar - Nagpur Chawl__P01,Kalyaninagar - Nagpur Chawl,P01,18.550287584189125,73.88935854756086,555.73254,4.274486760832591,0.008111995,91.64962415713023,8.183461958300189,48.81557985914073,719.9983274543287,1848.641119106436,0.0
Kalyaninagar - Nagpur Chawl__P02,Kalyaninagar - Nagpur Chawl,P02,18.55921099758007,73.89294689182478,567.44226,1.7992502397208685,0.008111564,78.99543248098459,20.95382792493216,35.312354383781084,1709.5080156878428,2333.500209845886,0.0
Kalyaninagar - Nagpur Chawl__P03,Kalyaninagar - Nagpur Chawl,P03,18.54628214439828,73.89542396234738,549.19415,2.0524725275688933,0.008112167,59.218268141199424,28.96142021792868,17.563157946878736,392.7625740246641,1069.9919367959017,0.0
Kalyaninagar - Nagpur Chawl__P04,Kalyaninagar - Nagpur Chawl,P04,18.55520788787899,73.89901258050982,561.1327,1.9976137257026831,0.01622353,92.47824474512196,7.626027348096037,44.87808380724032,1449.1964505053818,1668.2416178479657,0.0
Kalyaninagar - Nagpur Chawl__P05,Kalyaninagar - Nagpur Chawl,P05,18.564137664945857,73.90260089140928,572.97003,1.4763317082387375,0.01622264,25.840995261796497,74.18448871867693,15.248978185208786,2125.6935798960526,2342.403259282022,0.0
Kalyaninagar - Nagpur Chawl__P06,Kalyaninagar - Nagpur Chawl,P06,18.54227330045073,73.90148938852573,539.91,4.891905613360283,0.69763154,76.63151106971412,8.66069594707554,31.60884745218977,128.91982029629838,291.2035962316189,0.4126249048181251
Kalyaninagar - Nagpur Chawl__P07,Kalyaninagar - Nagpur Chawl,P07,18.5512013749942,73.90507828068115,559.4895,2.951505783932215,0.008111951,84.92885945801322,15.015718763138786,37.050203603395744,927.0638147082326,927.063814708431,0.0
Kalyaninagar - Nagpur Chawl__P08,Kalyaninagar - Nagpur Chawl,P08,18.54719145519714,73.91114399219988,549.0281,4.550984413996753,0.01622422,83.85614538498322,16.182926829268293,30.41274088680316,374.9169499491068,374.9169499491068,0.1632715213767966
Kalyaninagar - Nagpur Chawl__P09,Kalyaninagar - Nagpur Chawl,P09,18.54317812475365,73.91720971492694,550.69055,3.1992387505614905,0.00811231,60.362880019868136,32.764607974477094,21.05703055056133,399.4679459568679,797.102225793679,0.0
Kalyaninagar - Nagpur Chawl__P10,Kalyaninagar - Nagpur Chawl,P10,18.546782571928816,73.90522444728202,558.3832,3.425182887854896,0.016224291,92.80330247422631,7.198609786472192,47.22925613777056,560.2566250537556,560.2566250537556,0.0
Karvenagar__P01,Karvenagar,P01,18.480548277796835,73.80687052509627,567.9262,2.7619430416049275,0.008115223,99.54962189654022,0.4022428083861531,50.48602828719943,148.83276274595866,1816.5300375287136,0.0
Karvenagar__P02,Karvenagar,P02,18.48941114979349,73.81046029704295,584.01733,0.9597038356671684,0.016229613,87.00810081438402,10.35307503471948,34.626024005220984,966.3457513103212,2033.06979924821,0.0
Karvenagar__P03,Karvenagar,P03,18.48540653991196,73.81652288208534,566.8285,3.870380012007258,0.008115036,94.6143248712024,1.4421499265722388,53.587840326776806,425.4330578851879,1350.5589465355858,0.0
Karvenagar__P04,Karvenagar,P04,18.48623698834933,73.81627930817083,570.6345,4.041674107582145,0.008114978,97.79728116695011,0.0,56.66521852281615,520.1895286362525,1378.3863212002768,0.0
Kasewadi - Lohiyanagar__P01,Kasewadi - Lohiyanagar,P01,18.501129187050545,73.86770096978282,571.7589,5.8322466017839725,0.0081142895,95.44494353581165,4.433077578857629,42.78538902306197,235.95257148462025,235.95257148462025,1.0065663018994069
Kasewadi - Lohiyanagar__P02,Kasewadi - Lohiyanagar,P02,18.510029408661005,73.87129097066676,571.44556,4.846410876124981,0.008113859,99.54248366013076,0.3776803118908381,46.73302704008268,437.4205905110253,876.1409211837613,0.0
Kasewadi - Lohiyanagar__P03,Kasewadi - Lohiyanagar,P03,18.506163743621013,73.8712817767805,572.75214,0.7568358187321309,0.08114047,99.94303546424668,0.0,50.97572504162819,175.49920395343352,646.5752868349764,0.0
Katraj - Gokulnagar__P01,Katraj - Gokulnagar,P01,18.433320310355544,73.84429745580877,670.2402,11.11545457212969,0.008117432,81.63897163502375,1.7845410281257104,33.737091811520486,584.0140527613247,4428.610643363068,0.0
Katraj - Gokulnagar__P02,Katraj - Gokulnagar,P02,18.442192088552574,73.84788985113468,667.1594,6.753235955580528,0.01623396,99.0011424137262,0.0,50.15342837606467,272.7105072810057,3815.7114134998887,0.0
Katraj - Gokulnagar__P03,Katraj - Gokulnagar,P03,18.429283828952286,73.8503592989579,764.07623,20.46000050002469,0.016235195,81.03229105436962,9.25468213120003,30.147052092223813,1241.0438776478395,4592.848399259872,0.0
Katraj - Gokulnagar__P04,Katraj - Gokulnagar,P04,18.43815790082576,73.85395196929483,747.5721,4.0546575712992565,0.008117203,99.89577210362586,0.0061647861679402,53.067139714850114,874.1960229430213,3765.811469854862,0.0
Katraj - Gokulnagar__P05,Katraj - Gokulnagar,P05,18.447035976582384,73.85754433606637,662.65845,9.234411412424112,0.44643492,94.05593151009332,5.948661274928416,56.84212358189558,1188.5031141836769,3078.6806474892687,0.0
Katraj - Gokulnagar__P06,Katraj - Gokulnagar,P06,18.455918058555763,73.86113639898808,651.28937,15.00889060036296,0.00811637,74.4110593877839,16.2825671666057,42.61739344444919,196.36096336785056,2633.846579057958,0.0
Katraj - Gokulnagar__P07,Katraj - Gokulnagar,P07,18.416371567801143,73.85282790342562,737.18524,15.541850798340173,0.016236428,27.254135655239143,72.85410500301725,9.275284164150817,1936.4647559756083,5315.413272816355,0.0
Katraj - Gokulnagar__P08,Katraj - Gokulnagar,P08,18.42524392993608,73.85642115223122,714.2935,6.09060209251175,0.00811779,83.84004480698533,16.201171875,20.5233992162018,1948.273307050267,4365.053937565446,0.0
Katraj - Gokulnagar__P09,Katraj - Gokulnagar,P09,18.434120296422343,73.86001409767341,670.89825,5.583448690857335,0.113642946,96.35222746726632,3.780359584899063,38.17730607950503,1621.8211793795626,3453.35531764736,0.0
Katraj - Gokulnagar__P10,Katraj - Gokulnagar,P10,18.40345530463248,73.85529566415184,884.0961,31.544560012897417,0.14613913,0.0,99.9432398248899,6.463519580915189,2340.97972812988,6264.35914456078,0.0
Katraj - Gokulnagar__P11,Katraj - Gokulnagar,P11,18.41232595469523,73.8588894914007,798.3287,20.7119618177434,0.024355294,1.913933926612215,95.1821069766442,4.8068044798411815,2517.628074419512,5241.760543708909,0.0
Katraj - Gokulnagar__P12,Katraj - Gokulnagar,P12,18.421200609576218,73.86248301548825,708.54205,5.620511586117438,3.5153506,63.45103777396828,36.50205259521197,19.969827195405298,2679.918803709415,4233.534425062076,0.0
Katraj - Gokulnagar__P13,Katraj - Gokulnagar,P13,18.43007927161173,73.8660762361301,715.87823,4.690304360425754,0.008117575,80.49573103232272,17.216312692617592,31.189084064028894,2139.024565332093,3253.4546172597697,0.0
Katraj - Gokulnagar__P14,Katraj - Gokulnagar,P14,18.438961943139464,73.86966915304173,665.7688,0.9958645401201414,0.73055273,92.10001386558042,7.851743477200683,34.723644964324286,1874.89184882504,2325.415402561689,0.0
Katraj - Gokulnagar__P15,Katraj - Gokulnagar,P15,18.44784862649853,73.87326176593835,673.65826,2.8749746612666023,0.2191573,99.95586920454606,0.0,60.10827071612031,1452.7262221722924,1464.6174798480456,0.0
Khadakwasla - Narhe__P01,Khadakwasla - Narhe,P01,18.43040505498832,73.76230015987845,580.0,0.0,0.032470547,0.0021523428251651,5.4033849178163775,1.4836202434800398,462.5503654412251,1447.160910478494,0.0
Khadakwasla - Narhe__P02,Khadakwasla - Narhe,P02,18.45689944794307,73.77307241490358,559.9086,1.6186488664046932,0.01623271,75.11751308624962,19.29506502454569,27.51794403680504,92.8193966457066,929.523058110338,0.0
Khadakwasla - Narhe__P03,Khadakwasla - Narhe,P03,18.42639262963453,73.76836048805839,600.05225,3.736032599266456,0.008117733,46.47326572667594,36.23267400108059,22.279811780164497,1181.5238235127863,1471.0725649174078,0.0
Khadakwasla - Narhe__P04,Khadakwasla - Narhe,P04,18.43522240281764,73.77195181545025,610.9502,20.47150615796017,0.01623472,8.304962048179823,52.113762283273246,5.282270816698082,430.176273339854,430.1762733393942,0.096466323494538
Khadakwasla - Narhe__P05,Khadakwasla - Narhe,P05,18.444056138865776,73.77554284158415,581.9168,1.7723060441153475,0.008116915,53.9326078957052,43.02471171261584,21.97506630592119,142.40321712629267,142.40321712629267,1.3498380538208272
Khadakwasla - Narhe__P06,Khadakwasla - Narhe,P06,18.452893840076644,73.77913356617834,569.85095,2.136826505265529,1.1282383,41.2234472146158,54.60533421265167,23.79251450028937,209.9284325079047,209.9284325079047,1.0807432620665012
Khadakwasla - Narhe__P07,Khadakwasla - Narhe,P07,18.461735508749268,73.78272398895083,553.0146,2.6805316742536776,606.2066,80.8519105047306,12.251450464459142,33.26599441508176,44.75441994499236,989.5412893159528,0.0
Khadakwasla - Narhe__P08,Khadakwasla - Narhe,P08,18.422376820783235,73.77442082735307,633.8291,3.6922497085512354,0.00811792,31.45738627522796,68.61825868181482,12.047507537535674,1857.149464176986,1857.149464176986,0.0
Khadakwasla - Narhe__P09,Khadakwasla - Narhe,P09,18.43120886462595,73.77801242928481,667.57,14.871437508580238,0.008117517,0.0366121552355382,100.0,1.4092177564257324,1042.461505709355,1042.461505709355,0.0
Khadakwasla - Narhe__P10,Khadakwasla - Narhe,P10,18.440044874093903,73.78160372987678,588.13525,1.993407354674677,0.008117116,51.84664267465442,48.26445806066961,15.477730862348936,778.2322698539631,778.2322698539631,0.0
Khadakwasla - Narhe__P11,Khadakwasla - Narhe,P11,18.448884851487424,73.78519472884703,590.7794,1.566879810621189,0.024350144,51.72775871393226,46.44938668657604,19.90054229434559,145.2309033169956,391.35501244861865,0.7272760521036249
Khadakwasla - Narhe__P12,Khadakwasla - Narhe,P12,18.418357624761228,73.78048117762319,775.74225,8.675390224960534,0.008118106,21.000100454917263,78.98774928366073,8.44579757821498,2439.2985675005334,2439.2985675005334,0.0
Khadakwasla - Narhe__P13,Khadakwasla - Narhe,P13,18.42719194018583,73.78407305418794,640.99976,4.936500266232462,0.032471005,2.873937291221631,97.02312511648584,2.1548735218071235,1789.832778016714,1789.832778016714,0.0
Khadakwasla - Narhe__P14,Khadakwasla - Narhe,P14,18.436030223998475,73.78766462933112,627.992,19.098996370088955,0.008117303,24.80937084731504,75.11644248142946,8.458855888642118,954.897707146588,1536.691222345141,0.0
Khadakwasla - Narhe__P15,Khadakwasla - Narhe,P15,18.444872478502315,73.79125590277067,608.6364,2.490197192543336,0.040584434,79.53495046024265,20.455818380529426,34.65940226696864,313.8983918031263,861.2654211280901,0.0
Kondhva Bk - Yewalewadi__P01,Kondhva Bk - Yewalewadi,P01,18.453697838783736,73.87628652979672,677.1548,0.7495889377753691,0.008116485,100.0,0.0,52.64480683594262,1300.001211781036,1020.7728171796526,0.0
Kondhva Bk - Yewalewadi__P02,Kondhva Bk - Yewalewadi,P02,18.462591533649267,73.87987864976475,666.1966,1.991024373810891,0.008116069,100.0,0.0,59.5776529365158,1590.6971674652862,639.1904318412038,0.0
Kondhva Bk - Yewalewadi__P03,Kondhva Bk - Yewalewadi,P03,18.440767320210824,73.87875672155474,702.42426,9.844831860185655,0.048702657,81.74769298409103,17.69207609926739,44.113898385996286,1095.3491359845464,1471.288939028393,0.0
Kondhva Bk - Yewalewadi__P04,Kondhva Bk - Yewalewadi,P04,18.44965930317873,73.88234942110834,664.2338,1.658256769578816,0.016233256,99.04228097965154,0.8553195861017734,36.5408665383962,621.5745438142175,538.48673850482,0.0
Kondhva Bk - Yewalewadi__P05,Kondhva Bk - Yewalewadi,P05,18.45855530500891,73.88594181607321,647.8732,2.528556811005117,0.016232584,99.77642902696472,0.1018967704026427,55.382588426854994,912.8293378116838,137.0935870690385,1.5290855754200667
Kondhva Bk - Yewalewadi__P06,Kondhva Bk - Yewalewadi,P06,18.427832785120376,73.88122606861808,726.05865,9.112060823297334,0.008117691,61.20939759843407,38.83396267953116,17.18667974289867,568.6602986053697,2621.582523636961,0.0
Kondhva Bk - Yewalewadi__P07,Kondhva Bk - Yewalewadi,P07,18.43672305384619,73.88481934773205,717.56616,9.593019856016491,0.008117274,75.6291438299584,23.955617171767965,19.728994241095137,314.34279326791864,1573.5145679238285,0.0
Kondhva Bk - Yewalewadi__P08,Kondhva Bk - Yewalewadi,P08,18.445617341906264,73.88841232245996,662.2324,1.0082831693149108,0.02435066,80.57909422006537,19.475130056904387,21.49119124938455,159.7621804687173,549.9941205621783,0.0
Kondhva Bk - Yewalewadi__P09,Kondhva Bk - Yewalewadi,P09,18.45451565164789,73.89200499251633,662.9285,2.087167932659644,0.008116457,97.31552455047424,2.7171073407401027,39.200353502171794,595.6831174459991,456.2124945682564,0.2209158652682083
Kondhva Bk - Yewalewadi__P10,Kondhva Bk - Yewalewadi,P10,18.42378278517964,73.88728842924831,711.686,10.440273793063962,0.22730368,26.693858630461687,72.51594959212055,5.061361287974777,354.8053315921805,2966.94827844688,0.0
Kondhva Bk - Yewalewadi__P11,Kondhva Bk - Yewalewadi,P11,18.432675357122296,73.89088198371402,684.0516,1.976761880296876,0.56011677,74.72294304024314,15.573157851978229,29.998698519977697,442.24732086519424,2002.301555111296,0.0
Kondhva Bk - Yewalewadi__P12,Kondhva Bk - Yewalewadi,P12,18.44157195121856,73.89447523371102,671.3355,3.5735633550335444,0.016234118,78.58614238920865,21.30639315553198,29.81695316915884,459.0589318095488,1199.7880911866184,0.0
Kondhva Bk - Yewalewadi__P13,Kondhva Bk - Yewalewadi,P13,18.450472569818444,73.89806817895366,656.553,2.0967571700413123,0.008116599,95.55402667889771,4.330543133432711,32.444885336522006,927.3199491056404,1046.962865295288,0.0
Kondhva Bk - Yewalewadi__P14,Kondhva Bk - Yewalewadi,P14,18.459377215273467,73.90166081915613,634.0666,8.59038250174855,0.17855601,73.95195505102625,25.937965829606707,21.93928929622712,1726.7435561164891,1363.5746907265354,0.0
Kondhva Bk - Yewalewadi__P15,Kondhva Bk - Yewalewadi,P15,18.419729350184983,73.89335079944752,740.02606,13.507677648170962,0.024354246,12.91158514687926,87.174651057004,3.0209521418818466,1004.8040417631588,3457.9040900716664,0.0
Kondhva Kh - Mithanagar__P01,Kondhva Kh - Mithanagar,P01,18.47013768814839,73.87800047552358,664.08734,2.11074673636104,0.02434729,98.76893558790032,1.2738877883998891,38.5592672561744,1763.7524901179477,1095.7967635256753,0.0
Kondhva Kh - Mithanagar__P02,Kondhva Kh - Mithanagar,P02,18.466104938577608,73.88406378864445,640.09656,3.077171116642591,0.08927391,99.91861526477518,0.0,56.91508104064126,1771.3433557593962,335.1672816759832,0.81700200759022
Kondhva Kh - Mithanagar__P03,Kondhva Kh - Mithanagar,P03,18.47500572632917,73.88765553248267,631.6029,10.739418709516595,0.008115481,99.39715625306336,0.588020112324896,62.76004951293554,2703.318780478683,232.9643227470176,0.9582959994919684
Kondhva Kh - Mithanagar__P04,Kondhva Kh - Mithanagar,P04,18.471655544828007,73.88371994274958,654.4545,3.104828660461385,0.008115653,100.0,0.0,62.13370559846326,2378.641546359444,680.7643615704936,0.0
Koregaon park - Mundhwa__P01,Koregaon park - Mundhwa,P01,18.5378187141016,73.88223139835004,559.8853,5.662692356354701,0.008112582,91.48335724533712,8.016977522716404,38.1479659548827,569.7379281765504,1980.0509052280647,0.0
Koregaon park - Mundhwa__P02,Koregaon park - Mundhwa,P02,18.533810669533192,73.88829639310225,556.83026,4.1855338871332295,0.008112741,83.72156958369791,16.238076796190313,23.21750727776425,260.3800394667992,1301.5192883112331,0.0
Koregaon park - Mundhwa__P03,Koregaon park - Mundhwa,P03,18.5427296409078,73.89188540292761,537.93933,6.540092893870869,0.008112353,63.77270576765925,16.29415109938686,20.655065174872785,105.09756406235702,1170.963591476798,0.0
Koregaon park - Mundhwa__P04,Koregaon park - Mundhwa,P04,18.529799220356736,73.89436139914085,560.18475,0.6777743573768781,0.032451864,96.94973175132336,2.970259645601081,31.95060757231852,465.3601732728896,692.0288287303662,0.0
Koregaon park - Mundhwa__P05,Koregaon park - Mundhwa,P05,18.53872051821393,73.8979506830615,556.42865,8.00946577511253,0.016225122,84.12876207413356,6.006171821404412,33.108363289021874,346.76955126923855,392.0948126097511,0.4175033207801863
Koregaon park - Mundhwa__P06,Koregaon park - Mundhwa,P06,18.512844174924755,73.90290130535705,578.8738,2.243542899427721,0.008113745,81.06312133533164,18.92028980310885,29.77400033232728,96.62223357187288,258.5337751025971,0.929738308206901
Koregaon park - Mundhwa__P07,Koregaon park - Mundhwa,P07,18.5306920469939,73.9100812769154,553.5834,1.9747317746065287,0.016225811,94.62937209980277,5.326375249100372,39.26067444452048,1028.6777977115894,907.86731891204,0.0
Koregaon park - Mundhwa__P08,Koregaon park - Mundhwa,P08,18.53962203846556,73.9136708022542,531.0,2.2876027047182417,2093.9307,52.90085726092117,33.620440501697075,11.882090090886772,1.933351193727601,503.93647895464426,0.0
Koregaon park - Mundhwa__P09,Koregaon park - Mundhwa,P09,18.535605014699485,73.9197363899906,551.7489,4.195036534419979,0.008112654,59.78133849517869,30.58001457743365,17.380415316713,391.4052166988619,1279.9556429728775,0.0
Koregaon park - Mundhwa__P10,Koregaon park - Mundhwa,P10,18.53158457332365,73.9258019886456,551.9521,2.8031044273889,0.016225683,92.82726742574168,7.155046318868845,30.48219374871432,680.1150842086452,1707.881433423825,0.0
Koregaon park - Mundhwa__P11,Koregaon park - Mundhwa,P11,18.527560710588745,73.9318675980797,550.2195,3.173584484246938,0.008113056,87.38540583814273,12.580898782425828,29.46110639341076,498.0933235402311,1788.2872408049277,0.0
Koregaon park - Mundhwa__P12,Koregaon park - Mundhwa,P12,18.52246644361077,73.90148450979812,561.5494,1.8943854279001144,0.0081133,96.93925652102274,2.9516120173559623,39.96699381051904,947.14018630417,77.74556295876526,1.346990176205572
Kothrud Gaothan - Shivtirthnagar__P01,Kothrud Gaothan - Shivtirthnagar,P01,18.50862452808924,73.80124721927297,611.4117,4.091106006509024,0.008113961,95.97854010586563,3.978348926407857,50.167595668949,380.5729586881406,3360.2444319457304,0.0
Kothrud Gaothan - Shivtirthnagar__P02,Kothrud Gaothan - Shivtirthnagar,P02,18.504630081401093,73.80731009888713,585.8347,1.991011251652044,0.01622815,100.0,0.0,45.67912158809603,306.5693305209139,3081.245724433197,0.0
Kothrud Gaothan - Shivtirthnagar__P03,Kothrud Gaothan - Shivtirthnagar,P03,18.50063225642584,73.81337299034934,575.2015,6.049500941305045,0.0081142895,99.8530367312617,0.0609161793372319,49.2506077096267,256.1481796499584,2307.325952782329,0.0
Kothrud Gaothan - Shivtirthnagar__P04,Kothrud Gaothan - Shivtirthnagar,P04,18.504732441647818,73.80637882739431,583.56165,1.2011526392705143,0.01622815,100.0,0.0,47.24241237375054,372.6654617066822,3164.498096079943,0.0
Lohegaon - Vimannagar__P01,Lohegaon - Vimannagar,P01,18.61628871673038,73.90939690170143,613.25,1.2209118306061262,0.016217735,80.91625747402884,18.944831765755705,25.068416449261186,3850.050291994771,6440.728201828653,0.0
Lohegaon - Vimannagar__P02,Lohegaon - Vimannagar,P02,18.594410483062507,73.90829084262114,591.08105,1.1714564221532675,0.008109928,99.92153997497684,0.0,50.70565699471874,1653.9549923203558,4824.719061093405,0.0
Lohegaon - Vimannagar__P03,Lohegaon - Vimannagar,P03,18.60335448564609,73.91187768793809,595.7148,0.6905452892078425,0.056765955,98.09891561057503,1.8389964681524784,42.17156131369953,2670.156739110162,5178.163369398679,0.0
Lohegaon - Vimannagar__P04,Lohegaon - Vimannagar,P04,18.612302531207465,73.91546422462255,610.40936,0.8702195677658924,0.024327131,88.70004253224567,11.304736371760503,37.69435264520918,3711.1003892139697,5709.577409049354,0.0
Lohegaon - Vimannagar__P05,Lohegaon - Vimannagar,P05,18.58147390798909,73.91077020358618,584.14655,0.6667151479514806,0.008110531,38.78307030129125,28.872118603538983,12.986719511734378,1382.659279618248,3853.002828793457,0.0
Lohegaon - Vimannagar__P06,Lohegaon - Vimannagar,P06,18.590416211584223,73.91435763082119,591.2517,2.96299433882904,0.008110115,91.99978954870154,8.077312154279934,43.81387534661087,1915.7525536401308,4046.7779201974654,0.0
Lohegaon - Vimannagar__P07,Lohegaon - Vimannagar,P07,18.59936255865073,73.91794474962654,601.7421,1.124484640451417,0.02432901,87.39424788806441,12.615119905366162,40.90615617313298,2770.356635298782,4418.513779524167,0.0
Lohegaon - Vimannagar__P08,Lohegaon - Vimannagar,P08,18.60831295154549,73.92153155971413,608.4441,2.5450287721159364,0.024327705,61.184541035118365,38.7451648949887,20.19761018430145,3732.102530871745,4992.107825346032,0.0
Lohegaon - Vimannagar__P09,Lohegaon - Vimannagar,P09,18.61726739262668,73.92511806079558,619.2898,0.7160745791868448,0.008108852,79.35698686047759,20.5404270046424,34.428037753137325,3610.371324339909,5621.294842307267,0.0
Lohegaon - Vimannagar__P10,Lohegaon - Vimannagar,P10,18.55959673115544,73.9096604037631,564.4386,1.880717542007744,0.0162231,95.29416538955496,4.581608635662692,36.33384173206338,1716.1833634720683,1716.1833634720683,0.0
Lohegaon - Vimannagar__P11,Lohegaon - Vimannagar,P11,18.56853329179992,73.91324872083176,577.52985,3.889186475604798,0.008111133,99.85470721881744,0.0018137732210703,44.73539499241068,2307.581678267706,2730.6379313647826,0.0
Lohegaon - Vimannagar__P12,Lohegaon - Vimannagar,P12,18.57747389405116,73.91683672996153,582.8075,1.8688021104768235,0.024332039,56.93045220036147,33.217495935425184,22.43264404391484,2108.9590485210656,3082.720905011172,0.0
Lohegaon - Vimannagar__P13,Lohegaon - Vimannagar,P13,18.58641854026602,73.92042443086459,592.583,1.8893955172371228,0.008110287,75.71602895207533,8.298098438011184,18.242609392630783,2411.417918560459,3268.611717028205,0.0
Lohegaon - Vimannagar__P14,Lohegaon - Vimannagar,P14,18.59536723280276,73.92401182325284,594.7917,0.3035022213106588,0.45414695,87.317713930883,12.628979484607486,46.36523905035904,3070.6929319658007,3666.18580755731,0.0
Lohegaon - Vimannagar__P15,Lohegaon - Vimannagar,P15,18.604319974021,73.92759890683803,604.9113,1.079978633579585,0.008109484,86.73885831135576,13.23577189160264,34.47505480396908,3910.6144155959873,4294.986120319295,0.0
Magarpatta - Sadhana Vidyalaya__P01,Magarpatta - Sadhana Vidyalaya,P01,18.51804926551466,73.92266005826771,559.7376,1.3064508660212486,0.12981632,93.59703491152558,6.424629363940694,57.555599260898745,429.24665383086574,429.24665383086574,0.5109261316030501
Magarpatta - Sadhana Vidyalaya__P02,Magarpatta - Sadhana Vidyalaya,P02,18.50508905395523,73.92513443722258,568.9738,0.8073836370336639,0.01622815,97.61110791973032,2.366727941176469,56.34595612699181,68.23087929877641,68.23087929877641,2.7507383757479884
Magarpatta - Sadhana Vidyalaya__P03,Magarpatta - Sadhana Vidyalaya,P03,18.5140211574944,73.92872529196272,566.43787,2.5846007982489403,0.01622736,93.6286825987865,6.403219904866448,85.04712435391414,762.2037565954195,790.9963544129071,0.0
Magarpatta - Sadhana Vidyalaya__P04,Magarpatta - Sadhana Vidyalaya,P04,18.522957307264534,73.93231583947855,554.3753,1.2728636241041276,0.008113243,89.04566239515432,10.94305526672452,34.283350241889714,182.4327576726426,1568.5643293827,0.0
Magarpatta - Sadhana Vidyalaya__P05,Magarpatta - Sadhana Vidyalaya,P05,18.5099896218955,73.93479053612404,560.0769,1.0783584937211323,0.016227763,98.04045911047346,1.9773314203730272,49.68986674198962,846.8617664097538,846.8617664097538,0.0
Magarpatta - Sadhana Vidyalaya__P06,Magarpatta - Sadhana Vidyalaya,P06,18.505954654955545,73.94085579061162,564.7871,2.567291899823239,0.00811406,99.49044007013563,0.5611809198487252,48.35702705331888,335.6460618251842,335.6460618251842,1.5940978320961154
Magarpatta - Sadhana Vidyalaya__P07,Magarpatta - Sadhana Vidyalaya,P07,18.51330283442442,73.92962412543905,562.6373,5.283405483857275,1.8337793,93.52269167210724,6.509067342024016,80.83863539964246,772.8488516382707,799.9999623291329,0.0
Mahatma Phule Smarak –Bhavani Peth__P01,Mahatma Phule Smarak –Bhavani Peth,P01,18.51002735691376,73.86041649012876,570.3188,1.509585623536596,0.016227763,99.93305571284203,0.0,47.33309774115999,316.48320442714214,1216.7131592274918,0.0
Mahatma Phule Smarak –Bhavani Peth__P02,Mahatma Phule Smarak –Bhavani Peth,P02,18.510707969845463,73.86360166360947,562.51117,3.5819338836969163,9.323753,100.0,0.0,43.909127601988416,1.6551376035385317,1295.007326555836,0.0
Manjari Bk. - Shewalwadi__P01,Manjari Bk. - Shewalwadi,P01,18.53678733664337,73.94559560986697,548.08167,1.588239833347446,0.048675653,97.5058021260136,0.0121773015099853,38.60302994776663,513.0130974176096,1060.464137997824,0.0
Manjari Bk. - Shewalwadi__P02,Manjari Bk. - Shewalwadi,P02,18.53275936233487,73.9516616881851,564.00037,4.935639626570596,0.008112827,80.92056432329026,19.10966044954567,32.23104299172305,1283.6312489860138,1422.3806366913725,0.0
Manjari Bk. - Shewalwadi__P03,Manjari Bk. - Shewalwadi,P03,18.54171236297204,73.95525186300439,560.41406,2.9958110926156283,0.008112396,47.48605249811002,48.41960210145552,13.727106374395364,473.8960911375271,711.0807718690103,0.0
Manjari Bk. - Shewalwadi__P04,Manjari Bk. - Shewalwadi,P04,18.52872795581547,73.95772777697431,555.8035,0.5893964131434603,0.008112999,83.33204365790164,16.574144395882595,32.69310624409516,1563.7293690866402,1563.7293690866402,0.0
Manjari Bk. - Shewalwadi__P05,Manjari Bk. - Shewalwadi,P05,18.53768330133611,73.96131822637169,548.2863,0.6635432859973242,0.21092857,6.451625229872706,93.46105896682668,3.2386267645262774,778.3044695837239,1491.2523498704852,0.0
Manjari Bk. - Shewalwadi__P06,Manjari Bk. - Shewalwadi,P06,18.515739486727423,73.96020284359675,559.3051,1.524995109392032,0.008113587,69.44811095169777,30.572644667623145,24.875843028995675,759.657240675204,759.657240675204,0.0
Manjari Bk. - Shewalwadi__P07,Manjari Bk. - Shewalwadi,P07,18.524693113311663,73.96379387609454,555.757,1.032167647442419,0.008113156,96.20905466711626,3.829735333577264,31.942297073994784,1662.6856741297065,1662.6856741297065,0.0
Manjari Bk. - Shewalwadi__P08,Manjari Bk. - Shewalwadi,P08,18.53365080469528,73.9673846001655,552.64197,2.680862991778388,0.05678874,8.268854292905752,91.72679531400516,4.698292963037109,888.027900156235,2271.707063023784,0.0
Manjari Bk. - Shewalwadi__P09,Manjari Bk. - Shewalwadi,P09,18.49379911285803,73.95908513897287,570.14575,1.686895942389556,0.00811462,86.39060352965075,12.167855563919655,48.0352590997262,52.71351954957452,52.71351954957452,1.4101810158524266
Manjari Bk. - Shewalwadi__P10,Manjari Bk. - Shewalwadi,P10,18.502746955219624,73.9626770624803,558.1815,1.2580785563038552,0.048684694,89.44796306524073,10.553232389163448,30.073445952131507,422.8270744917334,422.8270744917334,0.3638591998608574
Manjari Bk. - Shewalwadi__P11,Manjari Bk. - Shewalwadi,P11,18.51169886048817,73.9662686780541,559.55334,2.171712557835702,0.008113774,86.44794632887904,13.559226397545975,36.01520131089333,744.5739295905354,744.5739295905354,0.0
Manjari Bk. - Shewalwadi__P12,Manjari Bk. - Shewalwadi,P12,18.520654831044368,73.96985998540558,551.4991,0.9183730277141846,0.04056663,76.0813447288549,23.807804451703955,27.712571159770164,1485.4189019495811,1702.9778031567992,0.0
Manjari Bk. - Shewalwadi__P13,Manjari Bk. - Shewalwadi,P13,18.529614869270446,73.97345098424569,548.38806,0.8629566786208444,0.016225897,18.90372919429808,79.96859877406169,13.42648057907197,539.1013611348535,2732.130937234239,0.0
Manjari Bk. - Shewalwadi__P14,Manjari Bk. - Shewalwadi,P14,18.489750360805168,73.96515043323339,566.47266,1.7412981193906416,0.024344232,50.77369679579149,49.23185078909613,22.46012913305389,453.92632359096046,453.92632359096046,0.4292636502206308
Manjari Bk. - Shewalwadi__P15,Manjari Bk. - Shewalwadi,P15,18.49870054237718,73.96874263185869,557.4941,1.7113520257429835,0.008114405,77.59472344696565,22.3549963556416,31.971369676006685,1172.3143121826654,1172.3143121826654,0.0
Market yard - Maharshinagar__P01,Market yard - Maharshinagar,P01,18.49250510585568,73.85908390166183,586.83575,2.563692195588158,0.073032774,99.92139660786948,0.0,58.64648101045351,506.58674656542087,622.9114634208299,0.0
Market yard - Maharshinagar__P02,Market yard - Maharshinagar,P02,18.488486771463258,73.86514741510044,589.16034,3.2679638040294936,0.064919345,100.0,0.0,53.010545215060574,192.2554931575505,1138.723885827569,0.0
Market yard - Maharshinagar__P03,Market yard - Maharshinagar,P03,18.49738265578221,73.86873789503726,581.70703,2.281380743576978,0.073030636,95.60738385875274,4.44064901793339,42.06500684512794,119.05362815451409,119.0536281549168,1.3149290053987632
Market yard - Maharshinagar__P04,Market yard - Maharshinagar,P04,18.484465029667824,73.871210939407,597.6257,0.5919847817340101,0.11361093,99.9051618698162,0.0,46.20245754895876,946.3153320004608,1394.0154620806177,0.0
Market yard - Maharshinagar__P05,Market yard - Maharshinagar,P05,18.49068093691069,73.86550693955358,587.4048,0.5565169235703842,0.032459028,100.0,0.0,50.48705711027905,189.78726021485136,895.0183600311559,0.0
Mohammad wadi - Uruli Devachi__P01,Mohammad wadi - Uruli Devachi,P01,18.46182981191744,73.89261641811423,649.7019,1.1424216770057594,0.08116188,96.54845487133096,3.514766902611667,44.28617199421495,1330.9266625811454,449.6503273802952,0.0259300912778338
Mohammad wadi - Uruli Devachi__P02,Mohammad wadi - Uruli Devachi,P02,18.46265447417788,73.90833579395301,613.36786,0.5268238781231736,0.008116069,91.83615068968405,8.214908660230416,35.22483944159791,2515.3047634300547,1901.242409351035,0.0
Mohammad wadi - Uruli Devachi__P03,Mohammad wadi - Uruli Devachi,P03,18.458609466103685,73.91439946041156,617.19934,3.745696578710834,0.0081162555,99.9890483022478,0.0,44.47227149152639,2853.010056158323,2657.365574132356,0.0
Mohammad wadi - Uruli Devachi__P04,Mohammad wadi - Uruli Devachi,P04,18.467524827018,73.91799205289514,606.38385,1.1495073587443658,0.016231723,82.14615539048386,17.798348008145236,35.33687509591457,2952.9211115290063,2650.53778753593,0.0
Mohammad wadi - Uruli Devachi__P05,Mohammad wadi - Uruli Devachi,P05,18.42783220254485,73.90968270020485,752.2037,8.932875427492062,0.008117691,11.948408224234626,88.13188075865187,11.97707549654926,2279.401568992191,3392.1656537650047,0.0
Mohammad wadi - Uruli Devachi__P06,Mohammad wadi - Uruli Devachi,P06,18.43673777418203,73.91327648428685,660.4754,2.322461006900252,0.44645843,99.86515123248616,0.1341790680653818,30.9530817922554,2390.6978594848806,3063.632554297052,0.0
Mohammad wadi - Uruli Devachi__P07,Mohammad wadi - Uruli Devachi,P07,18.44564737955727,73.91686996319568,648.47565,4.508504011016883,0.08116918,96.51813689613437,3.486024807580998,34.21615817248028,2664.9654642730743,3081.3132903198048,0.0
Mohammad wadi - Uruli Devachi__P08,Mohammad wadi - Uruli Devachi,P08,18.454561021030607,73.92046313664494,647.842,0.8428314971727072,0.008116457,99.13936044216338,0.906100084939406,40.0412423225476,2188.924720856348,3401.946767167178,0.0
Mohammad wadi - Uruli Devachi__P09,Mohammad wadi - Uruli Devachi,P09,18.46347870096348,73.924056004348,612.9192,2.0356292716801923,0.30841544,82.50124463848036,17.5869810814951,30.232991169212863,2171.6263528901486,3431.880900618051,0.0
Mohammad wadi - Uruli Devachi__P10,Mohammad wadi - Uruli Devachi,P10,18.472400421718653,73.927648566018,628.91,4.239838850976446,0.008115595,58.17210319111791,41.82416562624074,23.959644145079388,2622.646989619877,2734.292970940268,0.0
Mohammad wadi - Uruli Devachi__P11,Mohammad wadi - Uruli Devachi,P11,18.4148695249272,73.91215119501436,765.6376,21.49316413774823,0.0162366,13.240559895833334,74.70597809436272,2.663385646881626,2917.2731594876777,4694.7369897501385,0.0
Mohammad wadi - Uruli Devachi__P12,Mohammad wadi - Uruli Devachi,P12,18.423773373814555,73.91574555962974,681.3822,3.218378223628477,0.04058964,17.733859397417497,78.29363940698232,11.28211444036489,2989.4508714460253,4158.346186972997,0.0
Mohammad wadi - Uruli Devachi__P13,Mohammad wadi - Uruli Devachi,P13,18.43268125691302,73.91933961927545,659.3292,1.5202630445137535,0.008117476,54.82149260582072,44.24248509450111,18.414084353306496,3077.023810935472,3843.2749776432593,0.0
Mohammad wadi - Uruli Devachi__P14,Mohammad wadi - Uruli Devachi,P14,18.44159317658399,73.92293337366516,649.5982,2.069484396699288,0.00811703,50.13161952989952,49.83380792873181,18.60451519328008,2261.948308893283,3805.237650914272,0.0
Mohammad wadi - Uruli Devachi__P15,Mohammad wadi - Uruli Devachi,P15,18.450509135190263,73.92652682251226,631.49603,1.4127474057344906,0.016233185,81.57302618682195,17.994750204397775,22.804852356584064,1551.3229422016725,4052.354722651696,0.0
Nanded City - Sun City__P01,Nanded City - Sun City,P01,18.45948574730276,73.78916672816497,566.45886,1.5632456933529804,0.008116242,83.50272922240472,11.829403874706813,45.850487663486064,271.4626522889651,649.1480219833052,0.0
Nanded City - Sun City__P02,Nanded City - Sun City,P02,18.45547620880428,73.79522822511,568.7993,1.7450611112397385,0.024349196,98.77954205334896,0.8383894889338325,46.16017888799552,217.5506953273094,217.5506953273094,1.0234250887567506
Nanded City - Sun City__P03,Nanded City - Sun City,P03,18.46432702509356,73.79881882830294,558.6724,0.8165343803830231,0.3976938,45.1991824494045,52.84251645129559,11.407966321362736,101.2145585856289,1202.0583047835405,0.0
Nanded City - Sun City__P04,Nanded City - Sun City,P04,18.46031638381628,73.8048806108592,567.20374,1.1128348963077808,0.008116169,80.02827088385975,19.985649297533108,31.065732946881827,611.2304104672485,611.2304104672485,0.0
Nanded City - Sun City__P05,Nanded City - Sun City,P05,18.4691734648241,73.808471185751,566.0865,3.672525857815247,0.01623158,79.376855806386,13.814066444149354,17.971571700691698,229.73114345147127,768.2819974928162,0.0
Nanded City - Sun City__P06,Nanded City - Sun City,P06,18.47803452882247,73.81206145767909,548.9709,5.480525409395019,658.5923,90.56587967218135,2.437863817401961,38.93440032565893,81.49285756773995,1286.3725084362254,0.0
Nanded City - Sun City__P07,Nanded City - Sun City,P07,18.46516172173133,73.81453325388375,575.015,1.4036700007203702,0.25159848,98.08065888471428,1.7153755700232305,35.31897835459581,9.245791375114957,9.245791375114957,1.302265305976649
Nanded City - Sun City__P08,Nanded City - Sun City,P08,18.47402507626494,73.81812380011975,569.4267,3.819009429576763,0.01623112,86.34756144173062,13.551819363222872,43.003911737306666,591.7324924605088,687.813064511131,0.0
Nanded City - Sun City__P09,Nanded City - Sun City,P09,18.47888186921004,73.82777667101931,570.1794,1.6575194712970762,0.016230632,99.97460235466302,0.0365898280278082,50.44359852791858,382.1996665181027,382.1996665181027,1.2818115551829643
Nanded City - Sun City__P10,Nanded City - Sun City,P10,18.468562171811595,73.8089162897346,566.4245,2.201766573118183,0.008115811,86.12833615632682,8.037541029100753,19.750359879906853,293.49991620656016,692.8860498982417,0.0
Pashan - Bawdhan__P01,Pashan - Bawdhan,P01,18.526034166867746,73.74980274884838,708.66815,13.1101011405787,0.12980998,12.78190310152601,86.70832645779376,8.435581900843461,2512.705915558858,3012.79900957919,0.0
Pashan - Bawdhan__P02,Pashan - Bawdhan,P02,18.5220620062198,73.75586513454854,709.5079,11.48275181263661,0.008113329,44.158200186286415,55.65904802846837,8.555737301656725,1736.985425402496,2546.269997009452,0.0
Pashan - Bawdhan__P03,Pashan - Bawdhan,P03,18.53090747791945,73.75945227437705,633.6179,4.146732013223948,0.43809465,33.049631158506294,64.59365325077403,18.23434820682184,1869.005182697779,1926.6891387886808,0.0
Pashan - Bawdhan__P04,Pashan - Bawdhan,P04,18.53975691193551,73.76303911129772,668.3176,13.99056030968164,0.016224893,63.58957083503565,36.3600178709232,19.99840483447832,2029.2239167242176,1773.4173495789694,0.0
Pashan - Bawdhan__P05,Pashan - Bawdhan,P05,18.518086493757323,73.76192753301183,648.57587,4.437495638288054,0.03245382,56.56917782978458,42.9775493306915,19.65812997310828,962.1464594906452,2257.5732749398253,0.0
Pashan - Bawdhan__P06,Pashan - Bawdhan,P06,18.526934251429115,73.76551494611684,625.6208,4.872137923951322,0.00811307,59.96747967479676,39.85265423242468,21.730064527667743,1153.2390839018508,1395.8456356207976,0.0
Pashan - Bawdhan__P07,Pashan - Bawdhan,P07,18.5357859741804,73.76910205623092,614.80927,1.884211465498637,0.024337847,46.47049254059849,53.61213982908927,23.717027294381595,1306.6795900797847,1002.4620072383497,0.0
Pashan - Bawdhan__P08,Pashan - Bawdhan,P08,18.544641664303924,73.77268886307152,644.7498,19.12266834378444,0.01622449,54.89359260348451,45.13208575711714,27.00231319463646,1342.689792645321,1506.2311542655646,0.0
Pashan - Bawdhan__P09,Pashan - Bawdhan,P09,18.51410762584347,73.7679899441008,617.6591,1.6069433908782356,0.09736271,90.66182439853684,9.209239467828048,35.84415733081545,198.91588761722755,2211.6921820529183,0.0
Pashan - Bawdhan__P10,Pashan - Bawdhan,P10,18.52295767043076,73.77157763057485,604.1411,1.3717816759073944,2.3203776,91.71148834731852,6.980000429944178,43.68192311791692,444.5970037388007,1179.4788940330286,0.0
Pashan - Bawdhan__P11,Pashan - Bawdhan,P11,18.53181168286329,73.77516501397491,602.0234,5.7126941988409,0.008112855,39.37468944692888,60.01051102702293,23.959920713386808,567.6047405597691,265.0770521526852,0.3145182121380705
Pashan - Bawdhan__P12,Pashan - Bawdhan,P12,18.54066966543662,73.77875209401823,619.0747,17.481933926495312,0.024337403,69.07173933299407,30.85061293921736,32.33328765889024,984.2679896608256,978.3554905348616,0.0
Pashan - Bawdhan__P13,Pashan - Bawdhan,P13,18.52783403434209,73.78122798439229,597.5821,4.336805771021537,0.040565625,55.824888276442806,41.454846457860846,26.72415278825688,207.6795714229609,400.8027876379818,0.21943882499261
Pashan - Bawdhan__P14,Pashan - Bawdhan,P14,18.53669431031409,73.78481533773102,589.6287,2.22104122623442,0.008112611,50.14694519994164,17.83488459431595,28.40800719954899,330.24030619850464,782.39702440684,0.0
Pashan - Bawdhan__P15,Pashan - Bawdhan,P15,18.54555856149772,73.78840238734675,598.48584,1.3289823210344562,0.024336487,78.7866227802836,21.21495483479264,35.68141365364489,680.9508247964355,1809.582420956346,0.0
Pune Station -Matoshri Ramabai Ambedkar Road__P01,Pune Station -Matoshri Ramabai Ambedkar Road,P01,18.529058785009177,73.86320980670007,552.5268,2.642816372104003,0.00811297,78.45306612958333,5.314783888454858,24.87493266052138,260.46768521969733,2803.413359223229,0.0
Pune Station -Matoshri Ramabai Ambedkar Road__P02,Pune Station -Matoshri Ramabai Ambedkar Road,P02,18.537963146998777,73.86679856868962,534.5,14.426688013990669,2039.089,45.31434398141181,39.49231184374857,16.571121858399646,48.448761678969504,3054.969439068608,0.0
Pune Station -Matoshri Ramabai Ambedkar Road__P03,Pune Station -Matoshri Ramabai Ambedkar Road,P03,18.52505321378913,73.86927426039888,561.8445,6.134569860333539,0.01622637,100.0,0.0,42.61902658271804,324.51225388363025,2031.3618345670068,0.0
Pune Station -Matoshri Ramabai Ambedkar Road__P04,Pune Station -Matoshri Ramabai Ambedkar Road,P04,18.533959894005136,73.87286329635822,553.2349,0.9480361131201356,0.040563732,99.69165452095636,0.1207151968562354,48.589991986219054,528.299645256084,2284.423957837131,0.0
Pune Station -Matoshri Ramabai Ambedkar Road__P05,Pune Station -Matoshri Ramabai Ambedkar Road,P05,18.51213926381764,73.87174910957319,566.3445,1.934544508489265,0.056796327,99.55661952852304,0.3777263311806994,43.63981583516615,261.9194487531366,1010.9728470373065,0.0
Pune Station -Matoshri Ramabai Ambedkar Road__P06,Pune Station -Matoshri Ramabai Ambedkar Road,P06,18.52104424364136,73.87533872548639,568.67944,6.240739038076422,0.016226672,99.09354062239308,0.5891675212081663,46.51370840414469,457.41784925944495,1257.5509917565016,0.0
Pune Station -Matoshri Ramabai Ambedkar Road__P07,Pune Station -Matoshri Ramabai Ambedkar Road,P07,18.529953243047032,73.87892803550957,568.1714,6.532605675074276,0.008112927,93.32473549712212,6.581786916959233,38.9551149780665,1232.4775237424217,1521.71947999983,0.0
Pune Station -Matoshri Ramabai Ambedkar Road__P08,Pune Station -Matoshri Ramabai Ambedkar Road,P08,18.53333795449557,73.8730776036992,554.37195,4.683379079569883,0.008112755,99.71857034307754,0.0235599967503452,49.00816298306771,586.6822048904774,2220.490233269383,0.0
Ramnagar - Uttamnagar Shivane__P01,Ramnagar - Uttamnagar Shivane,P01,18.460663157951853,73.7717805741024,573.5205,0.7963117487248901,0.008116155,78.57777969097137,16.93927284293398,35.41398685805567,294.84990527608284,1342.2338935959835,0.0
Ramnagar - Uttamnagar Shivane__P02,Ramnagar - Uttamnagar Shivane,P02,18.465501243881683,73.78143203609527,566.7265,2.0070278008667146,0.008115896,76.11101541641544,20.82574952870361,35.0256607404382,430.4090664162113,1426.6002170180102,0.0
Ramnagar - Uttamnagar Shivane__P03,Ramnagar - Uttamnagar Shivane,P03,18.470344481439096,73.79108375580483,569.18604,0.6671750705092038,0.048694003,61.843156365860175,38.054838894622186,31.1660989481823,900.3534972522507,1867.299117371078,0.0
Ramnagar - Uttamnagar Shivane__P04,Ramnagar - Uttamnagar Shivane,P04,18.46633850570733,73.79714554544472,551.3852,2.5360840068590726,0.016231723,55.01545469334636,43.56256997674621,16.169391819944696,177.44520892973773,1435.9568301339516,0.0
Ramnagar - Uttamnagar Shivane__P05,Ramnagar - Uttamnagar Shivane,P05,18.47519288036516,73.80073573284203,583.0791,4.283609370064248,0.008115481,83.6828207740769,16.339470650421674,34.86380900250789,609.9356306929903,1819.414446202399,0.0
Ramnagar - Uttamnagar Shivane__P06,Ramnagar - Uttamnagar Shivane,P06,18.48405123452055,73.80432561736212,578.70776,4.064916608988544,0.016230088,98.596929676522,1.5157238576055498,55.97529649374134,152.51633241511314,2287.971102175313,0.0
Ramnagar - Uttamnagar Shivane__P07,Ramnagar - Uttamnagar Shivane,P07,18.46696167198507,73.78841982224779,566.46625,1.62396047216382,0.024347562,83.78116737848283,14.385720609171065,35.06744490840712,487.8982557089364,1471.7373259326382,0.0
Ramtekadi - Sayyadnagar__P01,Ramtekadi - Sayyadnagar,P01,18.46934742616628,73.89133468578414,620.5307,3.4735281410983485,0.45448893,98.10162056780798,1.8068745714442715,41.09645135573204,2103.6213350261,58.03432455842324,1.400035372205426
Ramtekadi - Sayyadnagar__P02,Ramtekadi - Sayyadnagar,P02,18.4653102543786,73.89739821385427,652.63855,2.086793706972035,0.032463845,62.61790297968417,37.39778712167961,19.08898210286316,1899.8235625746947,714.9758172236,0.0
Ramtekadi - Sayyadnagar__P03,Ramtekadi - Sayyadnagar,P03,18.50096554096888,73.91176443241682,616.03094,12.395381284231927,0.016228637,64.31822204363574,35.719711646551765,24.513421228028008,1088.87681795318,1088.87681795318,0.0
Ramtekadi - Sayyadnagar__P04,Ramtekadi - Sayyadnagar,P04,18.47017974489816,73.90705404038594,630.5955,7.635931212995287,0.016231392,79.06810189962923,20.828316706799683,28.891803184356828,2947.2937909566926,1596.175898927035,0.0
Ramtekadi - Sayyadnagar__P05,Ramtekadi - Sayyadnagar,P05,18.47909386755855,73.91064602304937,635.96344,5.999986209207007,0.016230632,90.94956446929778,8.988302206927868,32.132720933692404,2792.1001365643447,1406.0699526285223,0.0
Ramtekadi - Sayyadnagar__P06,Ramtekadi - Sayyadnagar,P06,18.488012025164306,73.91423769972407,644.5693,2.243410460461876,0.008114879,11.457746495698313,88.46111760166477,3.428894152318044,1768.2450911962258,1768.2450911962258,0.0
Ramtekadi - Sayyadnagar__P07,Ramtekadi - Sayyadnagar,P07,18.496934220073285,73.9178290701233,590.71783,1.7556442560977554,0.008114476,81.88226692090434,18.05536838181532,21.53399473159496,746.2757121833654,746.2757121833654,0.0
Ramtekadi - Sayyadnagar__P08,Ramtekadi - Sayyadnagar,P08,18.48397495170141,73.92030207291111,588.20276,0.9476458165820136,0.00811505,48.96106196384803,51.13975375306373,11.31580076594943,1829.9924999079108,1829.9924999079108,0.0
Ramtekadi - Sayyadnagar__P09,Ramtekadi - Sayyadnagar,P09,18.492899471489338,73.92389371816513,577.64685,1.2296313501426626,0.08114705,79.48993288590601,20.5787842897989,20.130940905748005,788.1674996431112,788.1674996431112,0.0
Ramtekadi - Sayyadnagar__P10,Ramtekadi - Sayyadnagar,P10,18.48886129145757,73.92995837640207,577.59503,0.902864656429558,0.008114835,85.20645933528766,14.713790475371336,53.94200091957635,898.3062268133099,898.3062268133099,0.0
Ramtekadi - Sayyadnagar__P11,Ramtekadi - Sayyadnagar,P11,18.48190553338383,73.91311833347154,620.7159,5.64384215627527,0.06492096,58.15469393715246,41.956475423767344,21.433853434337628,2388.2091142504646,1641.789257074386,0.0
Sadesataranali - Aakashwani__P01,Sadesataranali - Aakashwani,P01,18.53185958690382,73.93623289328279,546.5703,1.0969031157543252,40.925774,88.90781565520786,2.44064475272132,43.40135874648666,428.51883080343913,2080.022042773848,0.0
Sadesataranali - Aakashwani__P02,Sadesataranali - Aakashwani,P02,18.518889903500668,73.93870816952571,562.2289,4.445956928583505,2.1502,95.73800380432829,2.4061539197741326,38.426668929142,569.583636038415,1143.2537134038002,0.0
Sadesataranali - Aakashwani__P03,Sadesataranali - Aakashwani,P03,18.52783260720268,73.94229869144932,555.3924,1.2178602402879632,0.008113056,83.9786574788549,16.109775209656778,39.62316319542235,801.8028883807223,1479.2373645787918,0.0
Sadesataranali - Aakashwani__P04,Sadesataranali - Aakashwani,P04,18.51485715598304,73.94477370355017,559.9666,0.3691603605548005,0.03245475,94.81142993782878,3.2836441893830703,49.77950612939895,397.1549819908173,397.1549819908173,0.9049174560587102
Sadesataranali - Aakashwani__P05,Sadesataranali - Aakashwani,P05,18.52380219795273,73.9483645001278,556.6316,1.1537586686229195,0.040566213,74.47569501670814,25.440370325252765,21.477313859813908,825.4657338218622,825.4657338218622,0.0
Sadesataranali - Aakashwani__P06,Sadesataranali - Aakashwani,P06,18.50187765029325,73.94724786875106,573.1171,1.3917953699495105,0.081143,82.22097773565667,17.877528162491654,44.10072035842386,383.4188017085114,383.4188017087199,1.0917068975538702
Sadesataranali - Aakashwani__P07,Sadesataranali - Aakashwani,P07,18.51082097417472,73.9508392478512,568.6647,1.740721898129664,0.040569156,63.688753909961385,36.41458633984535,31.894608142073896,142.03358304826097,142.03358304807864,1.8453024958291728
Sadesataranali - Aakashwani__P08,Sadesataranali - Aakashwani,P08,18.51976835538586,73.95443031917816,562.0638,1.745309689874586,0.008113386,38.92099389829209,61.248455415385465,11.014953975361609,551.8451633192738,551.8451633192738,0.0
Sadesataranali - Aakashwani__P09,Sadesataranali - Aakashwani,P09,18.497835693067262,73.9533131482594,569.4314,1.8434796852309736,0.008114434,90.40037257290255,4.604141291108404,46.80498580336628,74.98444437083803,74.98444437083803,2.219999475120519
Sadesataranali - Aakashwani__P10,Sadesataranali - Aakashwani,P10,18.506781354301864,73.9569048022885,572.6163,4.544572610350097,0.0081140315,96.6049546417812,3.326141959159684,46.8798312246553,209.80841739048685,209.80841739048685,2.1628922515058995
Sadesataranali - Aakashwani__P11,Sadesataranali - Aakashwani,P11,18.51634680400745,73.94673561217361,559.1183,3.320225411545896,0.01622713,95.42480473418036,2.6300417778032714,47.65860601693579,250.8717835642099,250.87178356407784,1.082634828931034
Sahakarnagar - Taljai__P01,Sahakarnagar - Taljai,P01,18.48729980858749,73.84309771476002,608.94525,8.490863833778787,0.04057495,65.91849466837813,34.049857417061666,34.40012893618181,574.0085743586627,574.0085743586627,0.0
Sahakarnagar - Taljai__P02,Sahakarnagar - Taljai,P02,18.496183599739947,73.84668785195235,635.5971,21.3425939681383,0.0081145195,94.767261350338,5.120584652862363,32.79962815083608,342.37939665646354,342.37939665646354,1.3985947599179152
Sahakarnagar - Taljai__P03,Sahakarnagar - Taljai,P03,18.4744022979719,73.84557010773025,674.37756,6.581654642963287,0.008115538,54.47886178861787,45.51726446676232,27.951836129221828,840.8077345764775,1507.816934133558,0.0
Sahakarnagar - Taljai__P04,Sahakarnagar - Taljai,P04,18.48328438904109,73.84916082363758,612.8161,15.830019925649632,0.016230244,73.6350955269234,26.42759214729211,39.53287617960041,322.5636180185679,1353.017036824737,0.0
Sahakarnagar - Taljai__P05,Sahakarnagar - Taljai,P05,18.470381174176232,73.85163295308048,632.4877,2.6533286967903185,0.00811571,99.94474240208034,0.0,54.45995784279032,507.922781105553,2272.049079277518,0.0
Sahakarnagar - Taljai__P06,Sahakarnagar - Taljai,P06,18.47562248192581,73.84736607441198,643.35535,2.896729432035842,0.016230933,63.20844306979839,36.826529074482046,29.992621103383566,660.6588972142481,1645.6313641900192,0.0
Shaniwar peth - Navi Peth__P01,Shaniwar peth - Navi Peth,P01,18.512308280059862,73.84292095335057,555.4937,6.586187059312441,0.016227517,92.17080864741465,3.102008066653771,56.5477784620806,95.6738955548889,1440.0229574127372,0.0
Shaniwar peth - Navi Peth__P02,Shaniwar peth - Navi Peth,P02,18.5083025023794,73.84898465347793,573.1975,5.015194285308803,0.008113961,99.14912249219388,0.9273947528981086,43.67601100746024,539.0418913269639,938.2544630541942,0.0
Shaniwar peth - Navi Peth__P03,Shaniwar peth - Navi Peth,P03,18.51719436778985,73.8525740241843,566.07117,4.563245640299291,0.008113516,98.07708141850485,0.0,49.080929324807,455.4576551988762,1968.5459803302656,0.0
Shaniwar peth - Navi Peth__P04,Shaniwar peth - Navi Peth,P04,18.51313282377812,73.84763398281417,563.84827,4.799606097814593,0.040568925,99.61635373486143,0.0,42.938245886111744,411.081033661296,1471.6608379460415,0.0
Shaniwarwada - Kasba Peth__P01,Shaniwarwada - Kasba Peth,P01,18.51892894713466,73.85573782100083,557.951,3.1872906290593783,0.040567376,95.14518884945818,0.0,61.519851523026375,368.8399282796349,2199.694809397475,0.0
Shaniwarwada - Kasba Peth__P02,Shaniwarwada - Kasba Peth,P02,18.514921779751628,73.86180190333044,562.88153,1.4498351081419545,0.024341006,100.0,0.0,46.61445316582254,206.8229586515039,1754.2821847325329,0.0
Shaniwarwada - Kasba Peth__P03,Shaniwarwada - Kasba Peth,P03,18.51827439277317,73.85925432138221,563.4224,2.564534826447539,0.008113487,99.9367350205588,0.0,56.45121802654209,293.1751880712057,2135.9014630879265,0.0
Shivajinagar Gaothan - Sangamwadi__P01,Shivajinagar Gaothan - Sangamwadi,P01,18.53543924835064,73.83637985755162,575.9556,3.4359305263776645,0.03245057,87.60147142535958,12.45583571315816,36.60029814546991,1907.6650259221497,4091.258015505997,0.0
Shivajinagar Gaothan - Sangamwadi__P02,Shivajinagar Gaothan - Sangamwadi,P02,18.531444339089447,73.84244399148714,567.97595,1.5786279153070857,0.008112855,93.92529708128986,5.409365111232208,39.567742636690646,1337.6275521436091,3532.2417328615106,0.0
Shivajinagar Gaothan - Sangamwadi__P03,Shivajinagar Gaothan - Sangamwadi,P03,18.5403381226919,73.84603228544515,552.57166,0.9815685418412142,0.09735065,54.37063914923522,44.3229999545838,23.0196525777568,862.5136136429353,4485.042521829198,0.0
Shivajinagar Gaothan - Sangamwadi__P04,Shivajinagar Gaothan - Sangamwadi,P04,18.52744604411803,73.84850813724816,566.3679,2.812907593597423,0.008113056,98.08193294395087,1.970447120053193,42.159200137060594,733.7743757831579,3054.4142140978424,0.0
Shivajinagar Gaothan - Sangamwadi__P05,Shivajinagar Gaothan - Sangamwadi,P05,18.536342140400205,73.85209670499438,552.5542,0.5225885303057636,0.008112611,73.04579942885138,12.73685342509948,32.642881458761124,245.6820360195844,4058.0946060123297,0.0
Shivajinagar Gaothan - Sangamwadi__P06,Shivajinagar Gaothan - Sangamwadi,P06,18.523444359741223,73.85457229469617,553.5808,4.747259434373204,0.016226456,90.4473494871556,0.3016113186710744,63.990680155753935,125.28327930566516,2689.106986182677,0.0
Shivajinagar Gaothan - Sangamwadi__P07,Shivajinagar Gaothan - Sangamwadi,P07,18.532342769663384,73.8581611363244,544.0187,5.2369612422282605,0.008112827,53.88500109941589,22.491897783003985,21.186091071786187,102.03657855464763,3445.430087781873,0.0
Shivajinagar Gaothan - Sangamwadi__P08,Shivajinagar Gaothan - Sangamwadi,P08,18.541245191184608,73.86174967230104,552.2539,1.077959264276069,0.00811244,55.3477500215103,44.633655509985545,27.812753360857645,556.6419845847722,3695.348074528365,0.0
Shivajinagar Gaothan - Sangamwadi__P09,Shivajinagar Gaothan - Sangamwadi,P09,18.532120250618515,73.85363864668581,548.6791,0.4665788910156208,0.4299854,78.5133372113343,9.289727366957038,35.127186646688976,227.2365181148224,3614.907274563815,0.0
Shivdarshan - Padmavati__P01,Shivdarshan - Padmavati,P01,18.500083964995884,73.84847125433336,576.26636,3.343267387156492,0.10548689,93.06751529660242,6.857895101503502,42.49156717455176,28.127807757718653,28.127807757718653,1.3152099969441622
Shivdarshan - Padmavati__P02,Shivdarshan - Padmavati,P02,18.487183833264407,73.8509444800283,592.20013,2.479821692954274,0.008114921,97.49573950674016,2.6058421415441173,46.97325099548692,84.47494889347685,1276.860285445316,0.0
Shivdarshan - Padmavati__P03,Shivdarshan - Padmavati,P03,18.49607179791421,73.85453476157947,580.57275,1.9305743873478909,3.03518,94.44413332280304,5.650686980516605,55.99851720054858,266.43564420550706,329.7436226056581,1.1026644472260505
Shivdarshan - Padmavati__P04,Shivdarshan - Padmavati,P04,18.48316595911474,73.8570077239978,594.38745,1.7848084259988326,0.008115107,99.8808244369612,0.0,53.34160454764942,456.9412476632491,1660.1435689750715,0.0
Shivdarshan - Padmavati__P05,Shivdarshan - Padmavati,P05,18.49464481652216,73.85341382881123,581.59827,2.1934521435354672,0.008114563,96.8850338037398,3.135963496265685,54.96224770675848,207.9970367845043,479.3900490036655,0.3914857067623871
Sukhsagarnagar - Rajiv Gandhinagar__P01,Sukhsagarnagar - Rajiv Gandhinagar,P01,18.463293927638787,73.86396764119442,626.0059,8.82657031253392,0.0081160255,100.0,0.0,61.560163455082574,111.33086365770454,2317.885288797276,0.0
Sukhsagarnagar - Rajiv Gandhinagar__P02,Sukhsagarnagar - Rajiv Gandhinagar,P02,18.441491627041,73.8628460755273,661.1815,2.5078681682564485,0.032468393,91.46939321803808,0.0,37.80342794752196,1658.8816412545998,2760.832264135649,0.0
Sukhsagarnagar - Rajiv Gandhinagar__P03,Sukhsagarnagar - Rajiv Gandhinagar,P03,18.45037524741934,73.86643846237507,665.0994,2.1753899354841284,0.008116657,90.39862991121656,9.47381998237229,49.11482638798476,772.2732027092097,2087.27245140322,0.0
Sukhsagarnagar - Rajiv Gandhinagar__P04,Sukhsagarnagar - Rajiv Gandhinagar,P04,18.459262878685102,73.87003054505811,658.6025,2.113121147759517,0.008116242,99.70761618466148,0.2927186242224661,68.1777893377725,698.1517554600485,1681.6834363907692,0.0
Sukhsagarnagar - Rajiv Gandhinagar__P05,Sukhsagarnagar - Rajiv Gandhinagar,P05,18.437452556312657,73.86890843972573,671.10767,3.0716966533527974,0.032469124,93.716919246331,6.38052143934497,34.267054510289825,1907.9583495062573,2488.8252258018506,0.0
Sukhsagarnagar - Rajiv Gandhinagar__P06,Sukhsagarnagar - Rajiv Gandhinagar,P06,18.45458734468589,73.86657050496316,650.21704,3.834737235197865,0.089281395,89.40300329630081,6.355708441354811,53.15316669560124,440.77368824761305,2050.024657856085,0.0
Tingrenagar - Sanjay Park__P01,Tingrenagar - Sanjay Park,P01,18.56665863697335,73.88720862424142,564.18774,1.871466416915793,0.008111234,66.76963709610013,33.1461621306664,29.85240157106875,789.4074656944741,3351.10706384388,0.0
Tingrenagar - Sanjay Park__P02,Tingrenagar - Sanjay Park,P02,18.57558473512455,73.89079625011105,571.2137,1.0125859526990706,0.008110804,75.4792882460349,22.566753786115783,39.355193332720376,497.30699268476747,4017.0228826096704,0.0
Tingrenagar - Sanjay Park__P03,Tingrenagar - Sanjay Park,P03,18.571588582972584,73.89686228807994,571.28345,1.406395005373028,0.7948634,40.78326159732188,56.45274988043995,22.80563209314371,1119.7599128484258,3331.9932211744685,0.0
Tingrenagar - Sanjay Park__P04,Tingrenagar - Sanjay Park,P04,18.58052104732804,73.9004498800817,578.49554,0.9861620425530412,0.0081105605,68.0777328012708,25.00492827682561,32.26124647450701,414.9642486789785,4148.6513440162325,0.0
Tingrenagar - Sanjay Park__P05,Tingrenagar - Sanjay Park,P05,18.576523834072947,73.90651620350846,580.0953,1.050898708577835,0.008110761,78.33889804399223,19.68054261899644,26.64639144659104,1185.9713129818035,3605.2164517163496,0.0
Tingrenagar - Sanjay Park__P06,Tingrenagar - Sanjay Park,P06,18.563586081983743,73.90899439918634,570.79114,3.606694534880567,2.2467296,84.30287341073206,15.709938735947864,37.3793427820134,2158.989815336235,2158.989815336235,0.0
Tingrenagar - Sanjay Park__P07,Tingrenagar - Sanjay Park,P07,18.57585976028784,73.89817854281563,577.2499,1.833687393650817,0.008110804,79.48110660301167,19.74667029863371,33.69193963784072,779.9844991304409,3720.8339516839337,0.0
Upper Super Indiranagar__P01,Upper Super Indiranagar,P01,18.470676863687032,73.86597155349997,629.0423,7.212671435195836,0.07304056,97.9147647345908,2.1287763519268124,51.37730481205235,544.5866509883256,2311.18791091834,0.0
Upper Super Indiranagar__P02,Upper Super Indiranagar,P02,18.466648031039828,73.87203466841594,633.8987,2.723774703681041,0.3976838,97.23595903352796,2.781166138082459,56.24874613491226,1033.2917735712615,1560.1419139835314,0.0
Upper Super Indiranagar__P03,Upper Super Indiranagar,P03,18.466197971538207,73.86993914123683,639.19196,4.447811763337997,0.016231865,97.15305110465884,2.7787934186471666,63.34047275689605,809.302886922951,1754.2073895583642,0.0
Vadgaon Bk - Manikbaug__P01,Vadgaon Bk - Manikbaug,P01,18.4671185235694,73.81913971594646,580.2445,5.827424475727062,1.3553376,96.54957456936656,3.3091494497030243,33.812742664235444,40.69621549773849,40.69621549730226,1.3529013064119078
Vadgaon Bk - Manikbaug__P02,Vadgaon Bk - Manikbaug,P02,18.463102724625045,73.82520192295199,588.775,1.2625400795878154,0.024348006,99.97862527525348,0.0,50.19338104743075,70.2435267882396,602.4623486519455,0.0
Vadgaon Bk - Manikbaug__P03,Vadgaon Bk - Manikbaug,P03,18.47197128563415,73.82879274460487,599.16504,18.04418916343044,0.016231248,91.5495503248849,7.788248681574555,40.11433747881632,292.2437700783974,292.2437700783974,1.5757116904112412
Vadgaon Bk - Manikbaug__P04,Vadgaon Bk - Manikbaug,P04,18.480843839937293,73.83238326267782,575.6921,1.9578764040546035,2.1911688,73.70432223090286,26.21167487343421,34.3960076571923,13.29128112893432,13.29128112893432,1.302551302409762
Vadgaon Bk - Manikbaug__P05,Vadgaon Bk - Manikbaug,P05,18.467954383380484,73.83485523708883,613.32983,1.389811760368624,0.04057887,63.18058318431758,36.92239928568179,27.95264398466596,943.1499416868636,943.1499416868636,0.0
Vadgaon Bk - Manikbaug__P06,Vadgaon Bk - Manikbaug,P06,18.476829234599915,73.8384460295839,639.3432,3.44665583996563,0.03246142,26.62166976289357,73.3643195114895,20.339192774256183,710.1634952941095,710.1634952941095,0.0
Vadgaon Bk - Manikbaug__P07,Vadgaon Bk - Manikbaug,P07,18.485708084231053,73.84203651813213,645.13477,4.966777695169451,0.024345065,48.579244380679086,51.42400765184125,29.099474341739104,610.5006259874956,610.5006259874956,0.0
Vadgaon Bk - Manikbaug__P08,Vadgaon Bk - Manikbaug,P08,18.46393408093221,73.84091774050076,672.5115,1.515927325622587,0.01623198,60.102341277808094,39.84039349528207,43.08768862397074,1537.0792879476392,1696.9175444823736,0.0
Vadgaon Bk - Manikbaug__P09,Vadgaon Bk - Manikbaug,P09,18.47467425257876,73.83361002847595,582.17755,0.6306564223979058,1.0225564,68.89611913141324,31.019703607938908,30.86048579290301,388.0430106265483,388.0430106265483,0.6827861723808953
Vadgaon Sheri - Ramwadi__P01,Vadgaon Sheri - Ramwadi,P01,18.55694153711808,73.91838513660927,564.84845,2.8466456956976804,0.032446485,97.93999469993771,1.947510283792076,47.81514342727521,1691.100205867648,1691.100205867648,0.0
Vadgaon Sheri - Ramwadi__P02,Vadgaon Sheri - Ramwadi,P02,18.55292973222993,73.92445121655949,569.0858,2.6931439094258347,0.008111851,100.0,0.0,66.36384653740667,1538.2476566665766,1837.205095496889,0.0
Vadgaon Sheri - Ramwadi__P03,Vadgaon Sheri - Ramwadi,P03,18.5399732256484,73.92692786965492,546.58844,7.084116978225792,0.016224893,79.46757881501983,6.016450222658855,32.53559405648049,232.0091176585109,1860.296717844474,0.0
Vadgaon Sheri - Ramwadi__P04,Vadgaon Sheri - Ramwadi,P04,18.551854613806395,73.92245419426483,566.0723,0.9509997593160728,0.024335653,100.0,0.0,62.70348000698989,1408.9253108733517,1595.4872384636728,0.0
Wanawadi - Kausar Baug__P01,Wanawadi - Kausar Baug,P01,18.47502546059524,73.89145399868951,621.9491,7.62584550347102,0.14608036,100.0,0.0,59.2950395702341,2727.3249571536826,152.38178642293508,1.569626889971251
Wanawadi - Kausar Baug__P02,Wanawadi - Kausar Baug,P02,18.48393231976004,73.89504550383192,602.0748,6.640398407998491,0.016230159,95.05711974807,5.018832526908739,40.72005962442539,2597.638461318436,199.2659083871557,1.739635798532357
Wanawadi - Kausar Baug__P03,Wanawadi - Kausar Baug,P03,18.492843206253006,73.8986367033165,594.4216,4.240783391625034,0.008114693,94.92569017359294,5.118324016199135,45.701224059250826,1849.474375484633,106.64958514087095,1.3747055224817986
Wanawadi - Kausar Baug__P04,Wanawadi - Kausar Baug,P04,18.47989960993308,73.90110944401606,619.49554,2.8225246767156538,0.0081152655,99.56175203561064,0.4145330407217751,54.978580461953015,3300.986670626211,413.8479777026157,0.2847464509273639
Wanawadi - Kausar Baug__P05,Wanawadi - Kausar Baug,P05,18.48881281488833,73.90470091826339,603.39905,9.61238215288918,0.008114835,69.50839414488684,30.033930218443693,32.18800429324028,2354.565938802841,877.258880055339,0.0
Wanawadi - Kausar Baug__P06,Wanawadi - Kausar Baug,P06,18.47586347484083,73.90717339447896,649.4829,16.57820819024033,0.016230933,74.52229512747253,25.5478183462792,29.13097370207574,3295.605791240346,1188.6922340101426,0.0
Wanawadi - Kausar Baug__P07,Wanawadi - Kausar Baug,P07,18.484778999215813,73.91076514358387,628.1642,8.428772264150066,0.04057508,47.39696904402789,52.72723790370849,20.72378805512641,2272.5555988237943,1438.6853697897427,0.0
Wanawadi - Kausar Baug__P08,Wanawadi - Kausar Baug,P08,18.48423253314224,73.9011809899427,606.3228,7.704623032928191,0.024345294,92.24755918468874,7.780041999722553,47.4308789315374,2825.769010266133,441.1583276414481,0.5836190204335571
Wanwadi Gaothan - Vaiduwadi__P01,Wanwadi Gaothan - Vaiduwadi,P01,18.498409527134523,73.89905966431166,590.1961,5.501899885785082,0.008114405,98.5123864179818,1.4978000956480155,43.14581975808326,1241.3023914362536,65.96745747370636,1.35182385283701
Wanwadi Gaothan - Vaiduwadi__P02,Wanwadi Gaothan - Vaiduwadi,P02,18.50732598000245,73.90265033441614,579.3405,0.3913135298757457,0.00811396,76.00150976569967,23.91674311049956,31.719082578649072,339.7673054583315,256.7128584636539,1.133264522321089
Wanwadi Gaothan - Vaiduwadi__P03,Wanwadi Gaothan - Vaiduwadi,P03,18.49438114658908,73.90512401893261,589.9237,4.054877776218056,0.00811462,83.50667872714132,16.570039292260706,34.266127764328566,1737.0269279394406,802.7995980829373,0.0
Wanwadi Gaothan - Vaiduwadi__P04,Wanwadi Gaothan - Vaiduwadi,P04,18.503299921990823,73.90871496365054,588.77997,2.655337865103896,0.08114277,71.72783357245338,28.28651362984219,29.58115993708161,797.3720493599642,797.3720493599642,0.0
Wanwadi Gaothan - Vaiduwadi__P05,Wanwadi Gaothan - Vaiduwadi,P05,18.512222732806283,73.91230560192544,575.3671,0.8671915197934444,0.30021286,91.48453914150475,8.485213953777752,30.45150508174821,322.6420264480891,322.6420264480891,1.6876759807003074
Wanwadi Gaothan - Vaiduwadi__P06,Wanwadi Gaothan - Vaiduwadi,P06,18.5081955791668,73.91837051633492,583.0394,3.809321876500135,0.01622792,86.92437793830985,12.713947177311466,36.14560903371353,297.2757119165324,297.2757119165324,1.7930717684899158
Wanwadi Gaothan - Vaiduwadi__P07,Wanwadi Gaothan - Vaiduwadi,P07,18.499810913145645,73.91011222990089,603.57275,1.85942944398858,0.008114347,62.97081151301099,36.90682752214271,25.486543383395563,1209.9255528994815,1161.8014059392506,0.0
Warje - Kondhave Dhavde__P01,Warje - Kondhave Dhavde,P01,18.47144421503853,73.7348101580659,694.1028,9.038372600972544,0.008115653,0.0,99.93471221517257,5.599277372277327,2597.812001449114,5028.000932102493,0.0
Warje - Kondhave Dhavde__P02,Warje - Kondhave Dhavde,P02,18.480266763425497,73.73839901965495,740.1744,16.569005560630472,0.0081152655,0.0,100.0,4.016986648273659,1582.5508928399124,5331.749597288484,0.0
Warje - Kondhave Dhavde__P03,Warje - Kondhave Dhavde,P03,18.467455803760647,73.74087098007901,638.7056,5.254343899609192,0.01623165,0.0243783520234032,99.92002944522515,4.730378121429151,3003.667417057606,4251.161097370946,0.0
Warje - Kondhave Dhavde__P04,Warje - Kondhave Dhavde,P04,18.476280622198097,73.74446011541434,631.8009,1.964749026202921,0.01623086,0.0,99.92516236326364,7.677648922294149,2089.544181989076,4564.904944863824,0.0
Warje - Kondhave Dhavde__P05,Warje - Kondhave Dhavde,P05,18.445821707330577,73.73975209263662,740.55774,15.432301644407117,0.008116858,0.0,100.0,1.1578063713311406,1991.9133965692924,3545.1211448561835,0.0
Warje - Kondhave Dhavde__P06,Warje - Kondhave Dhavde,P06,18.45464089465575,73.74334210385638,612.339,9.305183957548593,0.30031687,7.000915718073595,92.97225828509674,7.785583213275069,2466.275526506737,3429.3470066842947,0.0
Warje - Kondhave Dhavde__P07,Warje - Kondhave Dhavde,P07,18.463464031883653,73.74693181419386,619.75836,4.218915976546762,0.024348006,31.785416203315087,68.21678396935063,16.574969774989423,2718.41714936434,3474.3962932485465,0.0
Warje - Kondhave Dhavde__P08,Warje - Kondhave Dhavde,P08,18.47229112129917,73.75052122336795,623.1716,1.456397340649617,0.016231248,0.0,100.0,11.100892201639583,2698.2033555622,3802.017457519068,0.0
Warje - Kondhave Dhavde__P09,Warje - Kondhave Dhavde,P09,18.48112216518853,73.75411033109744,666.40857,16.757148032743046,0.008115223,0.0,100.0,2.372701848880564,1712.213680128099,4273.4704008076405,0.0
Warje - Kondhave Dhavde__P10,Warje - Kondhave Dhavde,P10,18.441822035648325,73.74581239060636,615.6293,6.417225013451721,0.032468393,0.0622941343671102,99.80738500784652,4.137826687293434,1284.240263751589,2842.027827155292,0.0
Warje - Kondhave Dhavde__P11,Warje - Kondhave Dhavde,P11,18.45064348938184,73.74940267592139,613.32086,4.822446865950532,0.024349913,22.370716533232034,77.52659733321866,14.719731305075928,1694.51730083067,2693.3883035373083,0.0
Warje - Kondhave Dhavde__P12,Warje - Kondhave Dhavde,P12,18.459468895765426,73.75299266027221,596.77026,3.5358666942926806,0.008116242,40.340723320044766,59.5985220026577,18.631109158435105,1962.350769939344,2697.963722967136,0.0
Warje - Kondhave Dhavde__P13,Warje - Kondhave Dhavde,P13,18.46829825708667,73.75658234337763,598.8338,3.626852245200584,0.024347533,20.67868707507379,79.2537309866055,13.162845357382736,2052.6742114511085,3041.242539472177,0.0
Warje - Kondhave Dhavde__P14,Warje - Kondhave Dhavde,P14,18.47713157563449,73.76017172495625,612.88983,2.6250916776287574,0.24345586,2.261377375712654,97.66321151907025,6.491686139459135,2275.247425628881,3538.4809032991625,0.0
Warje - Kondhave Dhavde__P15,Warje - Kondhave Dhavde,P15,18.43781899423013,73.75187270021601,588.8144,12.348189645592116,0.01623442,4.821208532223139,63.33555850650208,12.393509522377649,589.1825116010624,2190.0298333290075,0.0
West Kharadi - Vadgaon Sheri__P01,West Kharadi - Vadgaon Sheri,P01,18.558670393899444,73.92342963443008,568.87555,1.9807416947569385,0.01622317,99.99880498274383,0.0,63.15356059495397,2165.8083592736566,2070.0405666388674,0.0
West Kharadi - Vadgaon Sheri__P02,West Kharadi - Vadgaon Sheri,P02,18.554657701429665,73.92949584340406,570.6558,6.556221458543796,0.04055868,99.77453847035892,0.1705653021442495,61.17345932896661,1833.9389261830177,1471.2789385892968,0.0
West Kharadi - Vadgaon Sheri__P03,West Kharadi - Vadgaon Sheri,P03,18.541697167031128,73.93197260789134,555.8882,2.0433781811748943,0.008112396,92.9779621045783,7.069012528163254,45.30954823038889,590.0795279090785,1678.007102780953,0.0
West Kharadi - Vadgaon Sheri__P04,West Kharadi - Vadgaon Sheri,P04,18.550641592522343,73.93556206347228,558.17804,1.6398997081617672,0.08923071,100.0,0.0,54.22508167080776,1165.3245083716536,1025.2166574835042,0.0
West Kharadi - Vadgaon Sheri__P05,West Kharadi - Vadgaon Sheri,P05,18.53767529706032,73.93803856459415,544.6735,1.8844833108667705,0.008112582,75.95230072528706,0.012187690432663,36.17316151766556,197.8460961809972,1513.1250833027364,0.0
West Kharadi - Vadgaon Sheri__P06,West Kharadi - Vadgaon Sheri,P06,18.54662206342661,73.94162829449542,550.94574,3.815238456804352,0.008112167,90.80685367181462,0.0,45.05286460071272,398.1395651807693,527.950698842824,0.0
West Kharadi - Vadgaon Sheri__P07,West Kharadi - Vadgaon Sheri,P07,18.55312023102487,73.93476522496195,565.71344,4.198289237664627,0.024335468,99.98823242397718,0.0789766992427612,56.977627161037645,1418.800703994542,1004.5595898282328,0.0
Yerwada__P01,Yerwada,P01,18.55262394741219,73.88343446031709,565.57355,4.841329357592071,0.00811188,85.62500896044503,14.343784796394798,44.73873262389096,1035.3412943271662,2514.4749717783016,0.0
Yerwada__P02,Yerwada,P02,18.54813825322784,73.88444978179302,561.8143,0.1018916797290458,0.01622422,94.75848409389374,4.355251921434671,47.84103943639335,528.704791215611,2157.271797666591,0.0
